acc_x,acc_y,acc_z,gyro_x,gyro_y,gyro_z,timestamp,evento
0.14420868459168346,0.12171258097236902,-0.9676308677666159,-0.05620472625750765,-0.6284447176826751,6.767263638735328,1623094805.0,Normal
0.7953759584818444,0.06609460929126784,-0.6215903338513358,-12.865969035170785,-17.762914873367613,-53.5904512541746,1623094805.0,Normal
0.8411376293325947,-0.010956268607803854,-0.6125066892010287,-17.06400088208428,-21.77321311731578,-57.11053392124404,1623094805.0,Normal
0.7968311724663738,0.3267317318323747,-0.748753043691998,-7.040523379656099,-17.841642916347556,-39.87056046916967,1623094805.0,Normal
0.763580665225788,0.12427239857474968,-0.7666050371879851,3.4625533819993866,-8.893213531148534,-18.30302594148606,1623094805.0,Normal
0.6033452583198895,0.015804649904054266,-0.635578403887714,15.438494808024336,5.637339492235217,10.723574309885722,1623094805.0,Normal
0.5441963707104484,0.06201057988845035,-0.7462602296569452,27.15722695062223,24.19758451724673,41.73065603607431,1623094805.0,Normal
0.5542780545839492,0.15016941046634674,-0.6772366659421205,39.135775056508834,54.124229552036155,78.19639580606271,1623094805.0,Normal
0.6362821397253617,0.25635317152679693,-0.7207049676564365,35.630964288565856,55.89760858681261,73.00843725529198,1623094805.0,Normal
0.6169613177087019,0.14562234396874207,-0.6188575778252325,25.75333866633681,47.10054359897615,54.620028980134464,1623094805.0,Normal
0.6844093813419244,0.29122765488658264,-0.7321280842770079,11.638090391783829,30.81697657284454,30.190880379355246,1623094805.0,Normal
0.7035540493334954,-0.10822880204869235,-0.4524431824179427,-19.50713755300376,-7.804514415484033,-11.71971767203691,1623094805.0,Normal
0.6374799361281571,0.06333477165458021,-0.6008933236248863,-32.79943775899354,-23.047955897248507,-22.593461068072667,1623094805.0,Normal
0.7222641916150861,0.13337625706511658,-0.7100121015742495,-41.96883457994814,-32.83111710155115,-26.549243698541805,1623094805.0,Normal
0.685432829667976,-0.01828467531342251,-0.7116982079433223,-45.009352150363426,-35.94486242071359,-24.121537049867353,1623094805.0,Normal
0.7307550435470423,0.04241719623761778,-0.7390184266733164,-33.10275500918853,-25.33031746185517,-6.847827119230591,1623094805.0,Normal
0.6902048292904591,0.01191691620670178,-0.652545340134277,-22.148093248756194,-16.136022264728933,2.5055701510059043,1623094805.0,Normal
0.6657747656912074,0.027409909966812973,-0.6098462836630748,-11.613594040752945,-7.472325488026149,9.146719680175936,1623094805.0,Normal
0.6698716938542982,0.12191067700472324,-0.635057695813969,-3.856531977822702,-1.6451515540657993,10.925228263699564,1623094805.0,Normal
0.7317136854149021,0.04040331730558212,-0.6987386015191213,0.9364937300140033,-0.48245087919237717,2.972221395933704,1623094805.0,Normal
0.7622792762121237,0.016431240191546057,-0.682094353555374,-0.0766461428273089,-2.7440844471994255,-0.5870062820558112,1623094805.0,Normal
0.6771099352518851,0.046996543558755655,-0.6707124319106884,-0.4677076479553694,-4.427219608941895,-0.41617283677630046,1623094805.0,Normal
0.7323095823076401,0.15023697734703026,-0.6966145241558974,0.6012144218925097,-4.315742937235995,3.1069922461837187,1623094805.0,Normal
0.7310058445794354,-0.005424561181453957,-0.6438114013910748,3.6584657749429508,-1.3277067099053257,7.809189759363667,1623094805.0,Normal
0.6832394840319342,0.04936545031818117,-0.6703257902742218,2.925431962911655,-0.8500026001136401,5.5799541521263505,1623094805.0,Normal
0.7470577151039772,0.08200227634376925,-0.6546482621089577,1.6450163289608581,-1.057970372384164,1.3561535778113138,1623094805.0,Normal
0.8151647049799082,0.08053893451018213,-0.7085933753557625,1.2723637704062185,-1.4138118247198803,-2.7532284636448474,1623094805.0,Normal
0.6606268169304356,0.012467849918915114,-0.6415948432672437,3.737883920858011,-1.76232987793296,-10.89595569554027,1623094805.0,Normal
0.6780639846281997,0.0015656162678232555,-0.6330250521230605,2.696549545685538,-3.3503360034237066,-16.857250903069797,1623094805.0,Normal
0.77611567663055,-0.04204363397202768,-0.6748985432345483,-1.1373619125676946,-6.455357740067452,-23.905430005073217,1623094805.0,Normal
0.7421538850425125,-0.027473855749028303,-0.6186928846205066,-5.520208916405471,-9.713492225199406,-29.29673658538092,1623094805.0,Normal
0.7789984514865673,0.24464757753488142,-0.7107077056889206,-5.522801428788547,-11.853518140583166,-27.867938796707303,1623094805.0,Normal
0.7855428146326653,0.09936661278766586,-0.8409925903160105,1.0516328439595037,-8.578938231331493,-18.380381739778077,1623094805.0,Normal
0.6488748135059182,0.24121684145492095,-0.8538898184632627,12.139222003509715,-0.45314173019464,-1.6490863408179548,1623094805.0,Normal
0.5389720703694312,0.04329316080467109,-0.6045457330429346,26.10272528743261,12.970698463045606,19.184827535370587,1623094805.0,Normal
0.566848675766895,0.18374239652913427,-0.6824756289890599,50.455995029190944,45.792746253767106,53.55463418989834,1623094805.0,Normal
0.6552967162384533,0.2140215183045307,-0.6766711255334183,52.24858075125782,53.9497899006609,55.46689346540615,1623094805.0,Normal
0.6611999183251606,0.2949374205368631,-0.6925162923455772,44.528742226497904,51.354482506092275,46.31507280390708,1623094805.0,Normal
0.7069081475059524,0.2816215654226218,-0.7961628044623956,29.008741591523666,41.58511838276199,16.423469636645223,1623094805.0,Normal
0.6425753198197718,-0.039576518937880376,-0.5763422554692335,-6.315888324684256,2.2318727489714894,-3.1006717233301986,1623094805.0,Normal
0.5198239531311145,0.08425329179698651,-0.6028080081589323,-21.59263404819591,-13.095569344029524,-14.15151153088296,1623094805.0,Normal
0.7306068933528574,0.16221018359562653,-0.6941056013350544,-32.65489759573315,-23.256026754888882,-19.774442420054612,1623094805.0,Normal
0.7036579316372845,-0.005648432503521206,-0.7971708602785004,-38.585032424403,-28.33891971685103,-16.35950721083511,1623094805.0,Normal
0.7348277565852789,0.01419905221463684,-0.6603974607435917,-32.827179723599215,-24.900882695710962,-9.877572906565312,1623094805.0,Normal
0.7452026350489588,0.19546669524280935,-0.7220805503149899,-23.139400078108068,-19.514741122983775,-3.2963673049154316,1623094805.0,Normal
0.7796386124086431,0.13449676003683464,-0.7032048142621823,-13.019561685726611,-14.248398741400468,0.6268592367543797,1623094805.0,Normal
0.6171969297652146,0.1844616174767406,-0.6759038733125258,-3.2695916936735103,-9.275822025189429,-3.9644746834668654,1623094805.0,Normal
0.6954119018201586,0.09445723760191231,-0.680006489852177,-4.981506393693765,-9.098753026858239,-9.646498654959148,1623094805.0,Normal
0.6845273182962209,-0.056777425618516175,-0.6808301925994119,-9.019083666439737,-8.857988140274735,-13.869908440518333,1623094805.0,Normal
0.7530867783541163,-0.013621183224152594,-0.6601534102636617,-12.536881663096,-7.392670465889541,-14.732190629695502,1623094805.0,Normal
0.6905456899586944,0.10619335259601499,-0.6778759926828551,-10.153298432213553,-0.990963448655205,-6.081296970741688,1623094805.0,Normal
0.7087525193708443,0.0649730325797358,-0.6589966999918834,-4.602742462182248,2.2951214670776063,-0.48209076961327924,1623094805.0,Normal
0.7734842570163134,-0.043277954582882555,-0.6860575520993444,1.7847294294008351,4.256883698400248,3.087212344672182,1623094805.0,Normal
0.6554378102219346,0.10537657341290643,-0.6473375956320052,7.083378832219454,4.433268462559894,3.596648687433211,1623094805.0,Normal
0.7125414970295353,0.1478377908167581,-0.678909167460223,12.308304171649684,2.0440250033716048,-4.098412102066784,1623094805.0,Normal
0.7603255229201364,0.017750062511509207,-0.698358106116524,13.425550972610871,1.0557947459674788,-9.689826204994512,1623094805.0,Normal
0.7978572263188084,-0.08527275942972243,-0.7176833481806599,13.346503126356913,-0.24126130776106436,-15.09310335035422,1623094805.0,Normal
0.6678654476771652,0.05577125281695558,-0.6268011414860016,11.417145500311529,-2.9594334123381674,-20.130211322588153,1623094805.0,Normal
0.7436475269696033,0.32959610865166905,-0.6530427902826572,4.603657292399201,-11.553201046194228,-26.35548139946703,1623094805.0,Normal
0.8344714733467545,0.11886247940348318,-0.7739562293044487,6.433283952793976,-12.045801967475336,-21.266097467345233,1623094805.0,Normal
0.7680109822346634,0.2490619495007384,-0.8972134221293108,17.095985547012763,-5.162907213293835,-4.821070500159769,1623094805.0,Normal
0.5126045956571712,0.05608302966790943,-0.6270598454178566,34.890983157375814,9.90302620845515,21.543667381702207,1623094805.0,Normal
0.527275323134834,0.3189986844020696,-0.6429523777027636,61.2311628909702,45.695533588103494,71.14092313214778,1623094805.0,Normal
0.5898018558631253,0.27805225437249514,-0.7276334358964588,55.14754346559341,52.27647116376243,74.60356205995333,1623094805.0,Normal
0.6908042445897752,0.2439492563398194,-0.7188924614506605,36.284125119183784,46.79464339477805,62.1670254661654,1623094805.0,Normal
0.6938285243807555,0.17377389902079152,-0.6995527302841124,12.187015611736882,32.03274882365617,40.253745069924406,1623094805.0,Normal
0.6294976964555317,0.08647848307300046,-0.6855656760934855,-27.582823852692446,-3.1066713577856264,-3.8583238144015097,1623094805.0,Normal
0.6258439670655652,0.1043339776213156,-0.6475269733559766,-37.78664396145582,-15.060962957546685,-19.023411860426368,1623094805.0,Normal
0.671380788205716,0.14504433911173606,-0.7087824066196978,-41.85899811471677,-21.595682036721847,-29.311502544274607,1623094805.0,Normal
0.7473337233502042,0.08272136641858782,-0.7514437044310269,-41.582286643447176,-24.17414304939359,-35.42333009383213,1623094805.0,Normal
0.6874074572994281,0.03739517281647195,-0.6901628429200377,-36.3569239420783,-25.60276810217577,-39.22699027068411,1623094805.0,Normal
0.7025951752803106,-0.03564879220368722,-0.677521969766282,-34.14695333471289,-25.905750089860433,-37.915980517406574,1623094805.0,Normal
0.6884866841228141,-0.00801639201834789,-0.6945318030812361,-32.423890639547224,-25.45190692945244,-35.17381112569389,1623094805.0,Normal
0.6867787798472679,-0.03892099448234421,-0.6732308134346519,-29.84658532163985,-23.295661492795674,-30.847149270523985,1623094805.0,Normal
0.7311948437604179,-0.07242240173663134,-0.6282870879961895,-21.023427028068816,-15.653324141781438,-21.0719224275358,1623094805.0,Normal
0.6924520580221013,-0.0506340279650474,-0.6688968419168527,-15.39259560798246,-12.070194752716004,-17.623866184779374,1623094805.0,Normal
0.7363698118802314,-0.04511777849155736,-0.65507239727157,-9.946431436286579,-9.539193066194565,-15.998577527369587,1623094805.0,Normal
0.7919806057457629,-0.09438346802791167,-0.7284869849141451,-5.51099669164785,-8.515822957722452,-16.243934669924002,1623094805.0,Normal
0.8100017512438918,0.04750589193492363,-0.7450306263761006,0.5934438625714797,-9.625741609067337,-19.825197601184968,1623094805.0,Normal
0.6729451245515096,-0.5116662941280316,-0.5531573226021694,4.876308356510265,-7.255209216086932,-18.35623900845973,1623094805.0,Normal
0.6148524833950753,-0.19097850708212602,-0.9134453851781632,12.201608347493783,1.1538469730072438,-11.100908193929172,1623094805.0,Normal
0.4486901372271865,0.02548248379776083,-0.6901168408098082,21.901833521902496,15.969096764419502,0.6844567870140659,1623094805.0,Normal
0.5261461017518679,0.20150719270295744,-0.7736267399505181,40.77332799109008,52.1118921031816,24.644753118331586,1623094805.0,Normal
0.6260333512531212,0.1120250053247333,-0.771441115811563,41.953086269733504,59.85432313570361,26.949911081762195,1623094805.0,Normal
0.6185068713389815,-0.0753900909432412,-0.7465962663553133,35.19188023715507,55.66934190379206,22.340318576263726,1623094805.0,Normal
0.6087469350099768,-0.18332180690140032,-0.7548194565732316,21.529903923678738,40.71178274146878,13.705426516987604,1623094805.0,Normal
0.7533511058282071,-0.25521087744506205,-0.7374328531025063,-9.483674282775718,0.1457772665135113,-3.4394039076718124,1623094805.0,Normal
0.5903836162906747,-0.07748430769755354,-0.7543540427727514,-20.062818621281675,-15.85496789463938,-11.931826834087657,1623094805.0,Normal
0.6339374536065328,-0.22752903492356202,-0.6581038442588437,-30.156849366126735,-28.390299445584983,-26.20196587037215,1623094805.0,Normal
0.5061147230752001,-0.3585832680244167,-0.3100949157206282,-39.64549708122742,-36.14509601891491,-44.85650193999016,1623094805.0,Normal
0.513400307783243,-0.24889410126859363,-0.623401819418017,-49.459302406839676,-34.16882123829744,-75.21247682849584,1623094805.0,Normal
0.5932190058247702,-0.24452048057498998,-0.5631151480730113,-46.619857259925055,-28.250206142284792,-76.49313285938835,1623094805.0,Normal
0.720277721911335,-0.3232569619968698,-0.647266221430562,-40.258901486364515,-23.77949676629893,-67.26452686734984,1623094805.0,Normal
0.8369729233111879,-0.15099113759103988,-0.6929621529179703,-33.34621991866297,-23.112612445867732,-50.34768117580953,1623094805.0,Normal
0.7788506652424532,-0.17233848877071886,-0.7521545646739344,-16.576754342205238,-25.54539552766714,-7.978858422205951,1623094805.0,Normal
0.6498279584566732,-0.4151521156311754,-0.5884389644305899,-5.929212273548856,-23.694018013786927,9.386915308525033,1623094805.0,Normal
0.6515822506958313,-0.1758416762649493,-0.62412360220163,4.746824461296371,-19.499145341273092,18.36430813312813,1623094805.0,Normal
0.6022227067878122,-0.19095580210373686,-0.6411386416449647,15.43753231268397,-14.097809879323945,18.02925012335765,1623094805.0,Normal
0.7545559966687354,-0.22829958560913527,-0.6863481420512986,38.88905546702263,-0.5344684289879622,4.717666698506222,1623094805.0,Normal
0.6990455367522241,0.001686598103920578,-0.6973606444979019,50.495142200564864,6.998145692940668,0.9024702985534521,1623094805.0,Normal
0.6990455367522241,0.001686598103920578,-0.6973606444979019,50.495142200564864,6.998145692940668,0.9024702985534521,1623094805.0,Normal
0.6092131096128844,0.1475375495156635,-0.7293723927171724,57.38536323302505,14.930506048570827,1.458958523617489,1623094805.0,Normal
0.6475109165530492,-0.34433926199978104,-0.6637817347816068,56.03523095596818,22.55334607237405,5.966969696558026,1623094805.0,Normal
0.4139171457641811,-0.291071357948414,-0.7002200147851665,26.887395807065737,31.623964399122425,17.021593498082662,1623094805.0,Normal
0.4884795259278546,-0.121289999670537,-0.6313726092627956,7.5486915327998325,32.189011915279686,19.549693492121108,1623094805.0,Normal
0.7699829665901156,-0.10572269479200885,-1.035171945997515,-9.40566500679491,29.123432149847606,15.746201590767804,1623094805.0,Normal
0.6268679657009968,-0.4438834231413864,-0.671451287472671,-20.73729455774803,22.650908944825723,6.017021307580052,1623094805.0,Normal
0.6789954488227233,0.13545495217202141,-0.775355417267174,-29.141383974013994,4.6634619908342385,-19.352298816060625,1623094805.0,Normal
0.497637600668117,-0.3430097646124134,-0.6794647736868415,-30.16034478109843,-2.3556842418479986,-25.374321592698298,1623094805.0,Normal
0.5313357899113978,-0.17258742545949735,-0.8442611524482659,-30.882137976622033,-6.3449477320881185,-25.109690448078656,1623094805.0,Normal
0.7963061879526452,-0.3238287230388539,-0.8846790943273889,-32.39036641445259,-8.599215402477322,-21.459360197288262,1623094805.0,Normal
0.5285327190530723,-0.5702079347203999,-0.6248975095497541,-30.370540507785922,-9.81447090188228,-7.229198036873635,1623094805.0,Normal
0.5639790128954036,-0.3810854252783155,-0.5591855239191061,-26.60076014659326,-9.72959724573367,-0.9937478097843525,1623094805.0,Normal
0.586710752018699,-0.48487696220408555,-0.6067139719909067,-23.90639307017737,-10.087316516042407,1.528866733603943,1623094805.0,Normal
0.6267451374681074,-0.4422227820358745,-0.6495950694995541,-22.330359781295268,-10.643548365808194,0.1696042326217091,1623094805.0,Normal
0.5575656092771492,-0.4196755290030812,-0.5577549341456297,-17.41257368173977,-12.23543180052483,-12.465882050072011,1623094805.0,Normal
0.5544036040697867,-0.2847976479618542,-0.6953567834343434,-9.376658753974699,-10.540036642320137,-18.863290345877463,1623094805.0,Normal
0.691024681796575,-0.36945368630360365,-0.760394467444062,3.2681608610777126,-6.874768651348813,-22.770727472036192,1623094805.0,Normal
0.6256275078727782,-0.1476537604856045,-0.812959371022634,19.262383087260798,-1.7318925521918267,-21.6400689206024,1623094805.0,Normal
0.5687185777917066,-0.22693624631472986,-0.9005201471313757,52.185153628270186,11.77324412819902,-1.9885227109614925,1623094805.0,Normal
0.5392481394644897,-0.11178961904471696,-0.7522359797021932,64.56739033571255,19.74661495712886,13.295781495679314,1623094805.0,Normal
0.45510809390239976,-0.2688733272114712,-0.7303534082471298,67.54559601032639,26.59905043116974,24.22090642236247,1623094805.0,Normal
0.6158499079239534,-0.33709906471584494,-0.7579992052487504,58.39465843437308,30.11354493330501,25.765765274683936,1623094805.0,Normal
0.5502030115409842,-0.244563524460801,-0.7406216209857431,11.711159720471983,22.73102712917786,-0.19607051641329498,1623094805.0,Normal
0.36463219687479925,-0.4136968546686256,-0.9117816912785117,-13.604959828649905,14.595718555707643,-20.552697355329204,1623094805.0,Normal
0.42915368046746927,-0.265107660441716,-0.7399701034775694,-30.644715709274674,7.640523070676193,-37.17690018273581,1623094805.0,Normal
0.49057615591055415,-0.26629426766329206,-0.8542472851342477,-37.15277927828092,3.2388969622582255,-46.98099971139652,1623094805.0,Normal
0.5146206478949551,-0.3621046268606438,-0.8183412683545915,-29.854664596775542,-1.1718573548013307,-45.474118266622476,1623094805.0,Normal
0.4779783602255457,-0.4498364477883073,-0.7723276956545626,-25.692815765351884,-3.3111560446997963,-38.889350872338845,1623094805.0,Normal
0.17032137773819553,-0.9807355135270567,-0.25084575667157477,-26.00252265587861,-5.408415365923708,-32.03521709304809,1623094805.0,Normal
0.2531553969119022,-0.5862751125372234,-0.6147360608914676,-31.191706368704082,-6.353518262863465,-25.838352360797355,1623094805.0,Normal
0.42657578483072633,-0.5465666213256096,-0.5987330580580187,-48.448911789093835,-7.247552940944981,-14.54186005848317,1623094805.0,Normal
0.4996672698265992,-0.6183828718844735,-0.5857412560897719,-54.608996702551515,-9.839220307439232,-7.101629101553174,1623094805.0,Normal
0.4625469601301974,-0.6415244775280324,-0.5420354865588062,-55.92099244230583,-13.90323482233163,1.8974762886634835,1623094805.0,Normal
0.5789820653117999,-0.5521578486424017,-0.5856661882004806,-51.179071636318156,-17.670880301351453,12.104129410668545,1623094805.0,Normal
0.6186625002124767,-0.5743247980452879,-0.7478455814160058,-25.556722137340813,-16.987786107549454,29.664446789348425,1623094805.0,Normal
0.4891227137891952,-0.4973703636224074,-0.5688218044767934,-9.462014294295285,-12.848018028031166,33.11566706221672,1623094805.0,Normal
0.4772114719052467,-0.3588907160451344,-0.6621706330080792,5.281557990181539,-7.472867266000865,32.06881127063351,1623094805.0,Normal
0.5952216128726667,-0.48089352590399204,-0.6157459767070721,16.3420450260049,-2.092970193776817,28.240518644832626,1623094805.0,Normal
0.5496962028364745,-0.43249694892372814,-0.5712553199917743,25.248482581246495,5.300172835768503,24.635552932323233,1623094805.0,Normal
0.6180330871172396,-0.23875562156377755,-0.7021677537049702,23.790565226255172,5.940920253618271,26.632100984854706,1623094805.0,Normal
0.7022325275401489,-0.389569686151635,-0.6547601851112874,21.35728620768085,4.758241497945604,29.292786302507718,1623094805.0,Normal
0.6722803420943335,-0.21979906755636713,-0.7669584160372667,21.64742212370271,3.247883973999901,36.270361219851765,1623094805.0,Normal
0.5685777124717789,-0.2655115723566851,-0.49252065090724223,34.411909620626275,9.071362167379718,39.397648137534844,1623094805.0,Normal
0.5282644144996134,-0.0988257077164568,-0.699387171208787,42.49311570312514,14.105539168142197,39.46002861787405,1623094805.0,Normal
0.6033912562647538,-0.1056502697256023,-0.6635214983689307,46.37022515481237,17.148043141214963,34.17639229469885,1623094805.0,Normal
0.6744942456146735,0.05705088393218073,-0.7146104258079051,44.97883084459748,15.944041269342657,24.562457987385766,1623094805.0,Normal
0.659948466553949,-0.16519552891895312,-0.6995310894596869,31.73730535444663,2.636145603929015,9.605839855554741,1623094805.0,Normal
0.6848164320018427,-0.031091313574504287,-0.7012755051453324,22.5790447006539,-5.201669370892933,6.982493568031308,1623094805.0,Normal
0.664331257956882,-0.1849906457852654,-0.7354733695882052,12.582118253533766,-10.876530529788088,6.258989011239139,1623094805.0,Normal
0.6251406970929767,-0.09517270171435638,-0.6955867210380706,4.206312880380195,-13.159942894172254,7.878612998453805,1623094805.0,Normal
0.7013564843212188,-0.05708791527195892,-0.7611237228198345,-1.5684576584860197,-7.15786835039043,11.860709359406586,1623094805.0,Normal
0.6365917455045692,-0.0768008965156895,-0.6303940872375423,0.4717525923165964,-1.8904149783269337,17.710363641478654,1623094805.0,Normal
0.6380936012020634,-0.024545613577787118,-0.7364502323027489,3.487551020064345,3.2028808659017134,23.994996107052067,1623094805.0,Normal
0.6497694984343946,0.010608374129540049,-0.6981871033256837,7.795536877757785,6.828593912639402,34.063842388398875,1623094805.0,Normal
0.6214625545016456,0.03968890344842496,-0.7499389969003397,10.458022005950076,13.45491600884078,38.47797589958198,1623094805.0,Normal
0.6188283637586537,0.08245410787168128,-0.7527910464896176,12.504655174018053,15.428486617706316,41.29793861048749,1623094805.0,Normal
0.7642897477331294,0.3851041658144275,-0.9909020622597144,14.83473560838255,17.004296051980013,44.253457980375366,1623094805.0,Normal
0.6231308721258638,0.1741647687919167,-0.7057620189484273,18.45639413817629,19.04176172960178,52.47814634822333,1623094805.0,Normal
0.5439222597571491,0.2573671320331501,-0.6864385713037113,19.54274853627952,19.940696159466256,58.06959609680022,1623094805.0,Normal
0.5640949926066385,0.3462954464690926,-0.7621121754952721,20.553578256036793,20.574985006080475,63.95202290719078,1623094805.0,Normal
0.6233882139977159,0.17297458029269902,-0.7707056099510262,21.598102585147505,20.47572048145223,68.75603976590652,1623094805.0,Normal
0.5335684907839475,0.2976020838647413,-0.8126284251865674,23.332172481763603,16.86538718726383,68.48758976574462,1623094805.0,Normal
0.6399513791481501,0.13604986362200747,-0.7631517216834235,23.15653992821008,13.928007800132349,61.48653826090697,1623094805.0,Normal
0.6024321353837145,0.48390543917956214,-0.7056051661105258,20.84068784910626,10.751475624547883,48.369243038428415,1623094805.0,Normal
0.609960622483736,-0.2800747078589999,-0.8528136583538476,12.918740080222978,6.339635307826699,26.63612955946572,1623094805.0,Normal
0.4525077381289134,-0.21900987673661915,-0.5384359542941146,-34.017410048559306,-15.194053363847885,-45.21476412487261,1623094805.0,Normal
0.6898872914538567,-0.20253369997408488,-0.6060024668052884,-69.14583234862091,-33.473837441385896,-87.49285477774919,1623094805.0,Normal
0.6038965397212506,-0.05708420822755153,-0.7137995388512273,-100.36883704837287,-51.595866439071074,-119.43215261613663,1623094805.0,Normal
0.6727916390970292,-0.03336254922969287,-0.8014853406454004,-114.48085533373602,-62.30122968892409,-130.00644573937575,1623094805.0,Normal
0.6803409297905643,-0.17214937622043008,-0.7081396869240597,-85.85255347281674,-52.78223089012848,-87.31795525009734,1623094805.0,Normal
0.7210342104544867,-0.2713055283007267,-0.6841874894446818,-55.24313817268323,-36.52623000857013,-49.29927743097009,1623094805.0,Normal
0.6904918313781394,-0.18481314126873488,-0.7270724153912509,-27.292700863974343,-19.467595423698107,-14.9446878533795,1623094805.0,Normal
0.5230148671199569,-0.45406389207252434,-0.5562448956018674,-6.987676192980044,-4.383501496373055,10.799529007209047,1623094805.0,Normal
0.6718778294907878,-0.2075257151924032,-0.551501735563343,5.213906405540828,12.883125414076204,32.72582710475071,1623094805.0,Normal
0.7227627239849644,0.027188447061727322,-0.8183196822038656,-0.6660754285554498,13.762774782107977,32.63458278423745,1623094805.0,Normal
0.4631467142192129,-0.47237032273530544,-0.5228580778823098,-9.01144585807617,12.500776762365359,32.21550823870644,1623094805.0,Normal
0.7375115242330779,-0.2277143697607824,-0.6520379620749094,-15.39590216772657,11.918686902724666,35.21779135197964,1623094805.0,Normal
0.8001084867308553,-0.09416644191625481,-0.8497493711062487,-22.067153549478174,8.623413398823187,38.9951448751821,1623094805.0,Normal
0.6089309303047322,-0.11165023401611561,-0.538478132398294,-23.97421876238007,3.171104559268146,33.13837781852127,1623094805.0,COLLISION
0.6089309303047322,-0.11165023401611561,-0.538478132398294,-23.97421876238007,3.171104559268146,33.13837781852127,1623094805.0,COLLISION
0.6652841123108245,-0.08868260147090254,-0.44074170725932227,-22.943803989128774,-3.2591243406789214,23.08369778774509,1623094805.0,COLLISION
0.7248662550066438,-0.02147192560571251,-0.6080731543415958,-17.460528636601634,-7.930015774319073,13.566344307646963,1623094805.0,COLLISION
0.8131474428511435,-0.03116473878396095,-0.7236354365392498,-7.1391864426672935,-14.779637073710617,3.0577436527645543,1623094805.0,COLLISION
1.090457869526359,0.03565944361186632,-0.8178806973774442,-10.720827884441983,-20.171772432409057,0.23685096749592827,1623094805.0,COLLISION
0.7590643973950714,-0.16283025348883384,-0.6819531861228499,-17.892468108769755,-22.493350452895662,3.419619384803779,1623094805.0,COLLISION
0.6859535655327181,-0.047698758696650495,-0.8345997640939699,-22.475427968650255,-16.057069232935,17.239712850206644,1623094805.0,COLLISION
0.7510148377660901,-0.13552481229055427,-0.33650816588780014,-22.05343602766267,16.909247647554025,62.93429201347515,1623094805.0,COLLISION
0.48352211572903303,0.2835191286790914,-1.0576419713796812,-19.117773647138282,30.32171363539114,78.57605972242213,1623094805.0,COLLISION
0.7436095356911929,0.5919704169225982,-0.6834071932309919,-2.584446793433983,38.17191051225737,86.50205685272866,1623094805.0,COLLISION
0.5567047892725168,0.109387079789651,-0.6523392807464539,34.56235128746564,42.11601516646637,95.37701744731163,1623094805.0,COLLISION
0.44561202724200205,0.33584632238171774,-0.3914287062374525,127.43488087892368,42.89297281690656,130.59552924365002,1623094805.0,COLLISION
0.47535642738102196,0.7982785047592941,-0.507275694384975,140.33139293684187,38.06052668391002,138.16718923921624,1623094805.0,COLLISION
0.5745191534984849,0.5809284638146365,-0.6191517882910981,118.68307235463917,27.02494885182061,125.27828589190125,1623094805.0,COLLISION
0.6935396321606717,0.4309819836400138,-0.6997002221516941,78.12042286377054,12.703352618382343,94.74053675169202,1623094805.0,COLLISION
0.7976243802010303,0.23048204791435503,-0.7926383105748752,-0.07840384804077744,-20.593438880807334,30.359767795834706,1623094805.0,COLLISION
0.5762394008178554,0.31841648308993814,-0.6842771615063415,-27.937501604231816,-34.70804028276302,7.4882569162383525,1623094805.0,COLLISION
0.6403531901442717,0.4784422290044096,-0.6549201262197613,-49.30873226632254,-43.60062940667309,-15.822791486732623,1623094805.0,COLLISION
0.7187936904522366,0.23675533395750392,-0.6267328943203211,-61.97973722021118,-46.014248474617446,-43.258630816240256,1623094805.0,COLLISION
0.668313172083595,0.36835353095995677,-0.5902763863537888,-55.48600664664444,-32.89982331877292,-88.30604708294203,1623094805.0,COLLISION
0.708550140634576,0.2676474446306244,-0.6261031495589774,-42.47286412961436,-22.43981506784999,-91.87333507276925,1623094805.0,COLLISION
0.722253149275346,0.34458733801669517,-0.6693397167895561,-29.192098555993365,-13.005887415434957,-81.02563909869971,1623094805.0,COLLISION
0.7556125543742663,0.1464168819126131,-0.6256279609554062,-17.604033783913177,-5.818356607841965,-61.406305196153184,1623094805.0,COLLISION
0.6372393945177789,0.214941796809684,-0.5759584723205303,0.39353434813373744,1.758547210147186,-19.474284447174828,1623094805.0,COLLISION
0.743415052091384,-0.11538170315418379,-0.5381228035235089,7.589660223938711,2.988079332604926,-5.2499242139638955,1623094805.0,COLLISION
0.8005225686090195,0.1401527788713748,-0.7256329929378735,10.964185589687341,1.7997420909423456,1.2528386793436028,1623094805.0,COLLISION
0.6461660721787529,0.0396388678478761,-0.5841554139373527,7.465938041183403,-2.5370985307700162,-2.9785984928131066,1623094805.0,COLLISION
0.8084808542003696,0.2759555940869752,-0.7035506330335388,-15.226145410245133,-17.006220007370572,-38.02701124594761,1623094805.0,COLLISION
0.8425030874945352,0.24580754864684196,-0.5280244148582245,-26.545045835329333,-24.111492914023557,-59.8579091112624,1623094805.0,COLLISION
0.6703111137883797,-0.0095766536687963,-0.6209357158087713,-31.781382206349107,-26.837582881563694,-72.91010939277068,1623094805.0,COLLISION
0.8950044182943453,-0.027428580097420593,-0.6195763439774465,-30.748313756356712,-23.759038529104885,-71.60088239502095,1623094805.0,COLLISION
0.7590430514916308,-0.4179482295786086,-0.4947390731838376,-25.564416742026964,-6.866643226899524,-38.223699383239875,1623094805.0,COLLISION
0.5664082305430107,-0.006372445923639503,-0.4470930803599715,-25.002214343645676,2.4063239229641105,-16.974555515221123,1623094805.0,COLLISION
0.7493442674064906,-0.16100624738190744,-0.4871003046069333,-25.616915176179578,8.104285388516264,-3.0257223947778,1623094805.0,COLLISION
0.826350940568928,-0.0063722221585665595,-0.6138963499438476,-26.09037365925185,9.146766953203409,2.3034977476389744,1623094805.0,COLLISION
0.7966194251868912,-0.14502922355216114,-0.6002938648282068,-22.99743635890088,-2.260840541342021,-10.782316332614325,1623094805.0,COLLISION
0.8059821867843765,-0.2439776601985035,-0.505210010672694,-21.20600058443849,-11.788703724418326,-20.540419535565682,1623094805.0,COLLISION
0.6830689558727903,-0.3218064466699667,-0.4641951777959483,-21.068339089484127,-20.5930968186166,-27.11651293548296,1623094805.0,COLLISION
0.7693847445994995,-0.0978017474818312,-0.6291926591187619,-24.350636746847066,-27.869222286190155,-30.188586480444133,1623094805.0,COLLISION
0.8978398149506542,0.08230653107430286,-0.6646614755068762,-30.91165371067085,-35.311989056005324,-26.017675081295817,1623094805.0,COLLISION
-0.2070339061653666,0.32708937756960704,-0.46469927945526196,11.394306221096846,50.30804060041744,58.44379924651299,1623094805.0,COLLISION
-0.4389384860979798,1.8110703277055225,-1.18065509442447,13.66827679729523,80.30158521789303,65.03092481351322,1623094805.0,COLLISION
0.020378032308685765,0.9802675370669424,-1.394652205443874,22.351622247170038,108.26077067141586,45.49903791437874,1623094805.0,COLLISION
0.3584983609215322,0.032035649122963666,-0.921198266373159,37.93657304634476,125.00309134074757,1.8409091475725639,1623094805.0,COLLISION
0.45435733755632984,0.017527006806727308,-0.7238647404578462,35.48905885305806,101.6843468751302,-73.51427780719962,1623094805.0,COLLISION
0.4514214176085116,-0.1194045000053679,-0.8279886762340409,14.585453710513233,79.83872604765875,-58.16826982939723,1623094805.0,COLLISION
0.302660459156695,0.15064819127235532,-0.9289182483908602,-7.830282851697818,63.11457195032756,-18.38294594197314,1623094805.0,COLLISION
0.17746166448962378,0.09317541559205998,-0.9631216118573567,-22.590877156873002,51.920091452069954,21.770323516205373,1623094805.0,COLLISION
0.09736821723441373,0.25232031194703575,-0.9503315674662223,-18.019694093142586,39.046060406041846,55.27161507153263,1623094805.0,COLLISION
0.07073634198822241,0.1709938020046508,-1.01069665891473,-6.784904204252103,33.65443768851133,47.99391748182496,1623094805.0,COLLISION
0.09875967142789877,0.1993988610034482,-0.9877922885163737,3.9369255840039097,28.44306871225923,33.91469283104727,1623094805.0,COLLISION
0.10708584273823783,0.16100492671534644,-0.9583950829155958,10.749410892703263,22.984212572168843,19.215943506258665,1623094805.0,COLLISION
0.15427058734966706,0.18494996348979828,-1.0289524797426821,8.980770994868644,11.013593887568401,-0.40303269263999386,1623094805.0,COLLISION
0.1393828037849738,0.09532617565347569,-0.9669244698006847,3.036144454650355,4.944621758626024,-5.083965472779484,1623094805.0,COLLISION
0.13016840294243043,0.13461611158061065,-0.9889160775528669,-3.5832149476713946,-0.3607963107744365,-7.147820465898761,1623094805.0,COLLISION
0.12468012635680949,0.12299262423840959,-0.9454698222679485,-9.14501716768633,-4.667978544183083,-7.224381140168581,1623094805.0,COLLISION
0.13772238861571978,0.148913668488861,-0.9898034760497308,-13.034466133881825,-9.08394703437204,-2.6003939330134402,1623094805.0,COLLISION
0.16920322094153784,0.13398320162294086,-1.0089664560925793,-11.712613496802392,-9.895380783137568,0.6751528577113108,1623094805.0,COLLISION
0.17524389828751843,0.11150846714845114,-1.0034006854285629,-9.455502001559841,-10.343286866705363,3.4345988000635885,1623094805.0,COLLISION
0.1646244860729661,0.11901975265459709,-0.9995392515280268,-6.962298790020969,-10.132450478475002,5.543184071859001,1623094805.0,COLLISION
0.19307530743428467,0.14326889833225287,-1.0006050122264991,-2.470945125615655,-6.56429470795696,7.727844623331656,1623094805.0,Normal
0.16544114025444073,0.09160121689673152,-0.980943470557137,-0.8183741284763066,-3.5033914890652316,7.734438347902002,1623094805.0,Normal
0.14420868459168346,0.12171258097236902,-0.9676308677666159,-0.05620472625750765,-0.6284447176826751,6.767263638735328,1623094805.0,Normal
0.14362977911953007,0.15017918011602827,-0.9932401579301863,0.43812306025634623,2.08582050995656,2.5366457091778742,1623094805.0,Normal
0.10884694640910501,0.11761127748315825,-0.9738228047571633,2.3795873212625662,5.568494955131625,1.8760423216661244,1623094805.0,Normal
0.10771419017303076,0.1937807415296696,-0.9735887679724886,5.891213235448026,8.183838069960943,2.501307954505468,1623094805.0,Normal
0.12641411891916265,0.17850134693425876,-0.9924034556473598,10.429737617472203,10.927311363134844,4.304895630824827,1623094805.0,Normal
0.12078906139976282,0.20053906463007862,-0.9757873220589403,16.52440751359922,13.212822251540553,7.179767640320793,1623094805.0,Normal
0.1167031356302016,0.14835725430306057,-0.9752022426802706,16.491987226804884,11.940726318599712,6.540380876806494,1623094805.0,Normal
0.1255902415330603,0.17536085423268455,-0.9825597541814749,14.529772575769615,9.419008068018353,4.668852727938515,1623094805.0,Normal
0.12913091194368873,0.15440886366238138,-0.9729276598606562,11.544491255163713,6.394163625267407,1.8871649363070144,1623094805.0,Normal
0.1501784244954096,0.17273877810380794,-0.9738193661112317,5.663853388525983,1.4570810094544338,-5.526606015794423,1623094805.0,Normal
0.20336072956214107,0.15942329909806954,-0.9161739944654447,3.5644618746870225,0.45857630099725455,-10.502194912793401,1623094805.0,Normal
0.2848764587361403,0.17282768312482324,-0.8974309228195012,2.7530561770745225,1.1577527046264688,-16.357493980245767,1623094805.0,Normal
0.37070127760302135,0.16860450143933559,-0.9156947482753187,3.5282563529053137,3.4096660514866697,-23.218354256579175,1623094805.0,Normal
0.4509661167861203,0.29516551772110433,-0.936579542608368,10.139614333487492,10.284204130636969,-40.87862620385662,1623094805.0,Normal
0.47737823714417227,0.33842711101374656,-0.9052479919024826,16.623118060222318,14.302124992262232,-51.32367650136204,1623094805.0,Normal
0.3847046262938879,0.2830438792227125,-0.8336988807589901,25.307806454696053,18.96855979166444,-61.62310428090371,1623094805.0,Normal
0.3353139037446752,0.22898696859515466,-0.8443351578121854,34.703907321641616,24.323205197634277,-70.94064765212352,1623094805.0,Normal
0.3244840683658016,0.3690492481978921,-0.8925899535636455,45.394760526657976,32.951162166171684,-86.51998112056219,1623094805.0,Normal
0.32177441523498534,0.4046746638254257,-0.9151412663415042,44.194493370924164,34.29036712136502,-93.70598923621549,1623094805.0,Normal
0.28772730387262324,0.4722877121215602,-0.9450304821916415,40.74443496929342,34.327900632055766,-99.70374159059011,1623094805.0,Normal
0.2599470958491548,0.49430378377174755,-0.9745406273038323,37.792514446106146,34.62912209237568,-103.0740372024122,1623094805.0,Normal
0.1995633261827875,0.5019225341668492,-0.9879212592296348,34.35953452596471,37.615383000897594,-99.96659718371605,1623094805.0,Normal
0.11608754474158008,0.4703113684191572,-0.9771310570196965,31.768307148706743,39.04203099120936,-94.68924991053566,1623094805.0,Normal
0.06285786320251917,0.4776559087713186,-0.9880468665640312,28.056234155944367,39.65738203182565,-87.7373597450205,1623094805.0,Normal
0.15293400543215416,0.4160771512121177,-1.0163129969421254,23.997628617670998,39.36266829386653,-79.07838877295183,1623094805.0,Normal
0.14124399043656283,0.4519713335194585,-0.9921549434812775,16.507809813348178,34.6931517196669,-58.51398434377857,1623094805.0,Normal
0.10413252199799895,0.2829348922890805,-0.9324353651457327,11.17590768611515,29.231208115162374,-50.26658207080267,1623094805.0,Normal
0.11495611665752231,0.33074017504398046,-0.9317327452553474,4.002083144544001,22.843172167653744,-44.759624574737835,1623094805.0,Normal
0.17638251534188518,0.3261732869022449,-0.8979788472437191,-4.510771625787569,16.83703009379471,-42.76826915451716,1623094805.0,Normal
0.15613579052924237,0.26831116087358453,-0.8471594667322909,-17.816945225007604,10.973635413637526,-46.73622534357348,1623094805.0,Normal
0.12168834343969016,0.1930243458717305,-0.8330632762906296,-19.46836120008806,11.381748172029615,-50.693613687509426,1623094805.0,Normal
0.08365150074427094,0.11070533249448813,-0.8397187635270058,-18.01500252116352,13.158015566789414,-54.20420868272454,1623094805.0,Normal
0.11509670969754182,0.07675640268902757,-0.9151441586268575,-15.037268413064465,15.402657407855772,-56.071498835866244,1623094805.0,Normal
0.10910624338245592,0.1259582687077403,-0.9786500648647334,-10.48278356684043,16.186397096557464,-56.13238480683546,1623094805.0,Normal
0.17171913169066688,0.16218120817564347,-1.0502236611058806,-9.750651350235042,13.506805578796197,-57.02839924335438,1623094805.0,Normal
0.20047936335379174,0.22150097130238033,-1.0565692460387053,-9.34388510279042,9.356678743865206,-59.64122217690507,1623094805.0,Normal
0.3974499801839638,0.17634831839432263,-1.0143148383768315,-8.604100069868267,4.989592705397071,-63.467794784217794,1623094805.0,Normal
0.4301219063122633,0.38363627092513175,-1.029099674185855,-2.2640135605496123,-0.29242170379153265,-67.85967659135954,1623094805.0,Normal
0.44917851285545163,0.4187188810965144,-0.9089461396774905,6.161466775088858,0.995477041447355,-65.44561153766018,1623094805.0,Normal
0.44780796043123294,0.4871617713381414,-0.8705389942884142,17.529200029515984,5.413597875941935,-60.4929244415363,1623094805.0,Normal
0.3937297174874611,0.3615075495208267,-0.8004199704182132,28.95093730025108,11.703808514317984,-55.98044010387462,1623094805.0,Normal
0.33599945556956884,0.2899087819868431,-0.7719753006955868,38.37126327241322,23.725861363372488,-56.37696106922275,1623094805.0,Normal
0.23969264555331168,0.16505382820386572,-0.7954632218619954,33.688570898018995,26.746284286110857,-62.01888839523899,1623094805.0,Normal
0.1715067166680403,0.16079472727969082,-0.8344778910225327,24.918914907178287,27.92565951552506,-68.76347554733199,1623094805.0,Normal
0.12122007914707399,0.20873124399202375,-0.9210437535342968,15.602707457242879,28.185090149406683,-74.39135668108203,1623094805.0,Normal
0.0762655745371037,0.2467552604405197,-0.9964454039736268,6.527461325280988,27.8852417810606,-76.92858284505779,1623094805.0,Normal
0.04135737765230878,0.24023560029167135,-1.0347265056946566,8.793880661769906,28.087979740826547,-71.95663986047752,1623094805.0,Normal
0.045597765815600017,0.17152282629295207,-1.0499556171033022,13.06591860900469,28.094168093449582,-62.91246356469746,1623094805.0,Normal
0.18615801804615933,0.3662377548617312,-1.0917858436169647,16.441381508717832,27.164578042912325,-50.91470321131796,1623094805.0,Normal
0.14469615403689715,0.4088363349988132,-1.0618068932532303,20.24239135158464,22.141844478169567,-24.813578449567,1623094805.0,Normal
0.060376330980739884,0.37544665192432414,-0.9998409896431755,21.716738423573617,18.78712551031203,-13.984711412578001,1623094805.0,Normal
0.052530846055910144,0.3675757703094005,-0.9121961077472851,22.045901648115994,15.377477191163495,-5.92024901207977,1623094805.0,Normal
0.04822438709424177,0.2802873920894309,-0.8535796765620156,19.623571115095363,12.021687577460925,-0.34426956715518786,1623094805.0,Normal
0.047195727579672914,0.18898636619692608,-0.8244177101616802,3.810767896277673,4.300968834660357,7.579949632209553,1623094805.0,Normal
0.08705884950214726,0.24460379190038697,-0.8572731567927504,-6.77646138777329,-0.575300617451979,11.57913831058802,1623094805.0,Normal
0.14241432668391912,0.2457187676994635,-0.9070576077086351,-16.896587858640462,-6.30327195766796,15.233057828459868,1623094805.0,Normal
0.16837938916324485,0.27228747037316775,-0.9710941092020605,-25.00681696084407,-12.35051281066902,17.708738544745078,1623094805.0,Normal
0.17301862960890563,0.23866529880443693,-1.000310622402351,-30.140819991675613,-20.598660761757912,16.989060062952035,1623094805.0,Normal
0.12577694515600563,0.20623978565318335,-0.9525791931042239,-26.98551483557503,-20.585303412283892,13.932643721007873,1623094805.0,Normal
0.21782194624783838,0.17012823214763134,-1.0889570968644218,-20.963389677811794,-17.36767479819154,9.837434563838567,1623094805.0,Normal
0.25659191181194,0.34161489138913004,-1.0915979032219176,-12.534500356066431,-11.824490809817089,5.578266548621189,1623094805.0,Normal
0.189130852442628,0.3329301006541271,-1.0331927763149742,10.652889934032638,2.2528711139989777,-0.4112925399852874,1623094805.0,Normal
0.12504231123075568,0.3767091374729203,-0.9184416060099023,22.891201916739085,9.768893760078921,-0.8161650749777498,1623094805.0,Normal
0.1668201735848193,0.45026145538079265,-0.9201598364782037,31.464834428295024,16.164297528901155,-0.10287013306699366,1623094805.0,Normal
0.13292286101858494,0.3343500177002934,-0.8340745921158782,33.26248748342366,19.53355781807445,0.7403554006708117,1623094805.0,Normal
0.04670791678806019,0.1438199857681101,-0.7529376888351624,13.955316044493065,11.70917086287731,1.1930102706141308,1623094805.0,Normal
0.03345103094499012,0.07615836535435447,-0.7994596094286238,-2.8708953064866174,2.277673190333169,2.0114447987573465,1623094805.0,Normal
0.09777576197683543,0.1906730764352463,-0.9091167378214947,-19.025742472885533,-7.26166855797129,4.401846164545401,1623094805.0,Normal
0.11487303641238511,0.20335829184085316,-0.9348368167907738,-30.345583851081784,-14.495438433236307,8.785518138504482,1623094805.0,Normal
0.15719479460729416,0.2193744284072379,-0.9950732254376993,-30.112824356726406,-18.891511272077533,23.391609337982853,1623094805.0,Normal
0.2818874115407513,0.3447053802070478,-1.0809932518367795,-21.463535799419002,-17.90626531457802,32.384656907218755,1623094805.0,Normal
0.2466248614465644,0.3692501291474335,-1.0725759938324737,-12.237080678425244,-17.412365914390342,40.122163638375575,1623094805.0,Normal
0.25697238472860184,0.40539147009398413,-1.0028677915200683,-5.5147320798403054,-18.69411687528658,44.742583999673336,1623094805.0,Normal
0.23397140847248984,0.4756349872907347,-0.9187757368783964,-0.29573533479170366,-24.86527974200993,45.12072643067543,1623094805.0,Normal
0.2184932538038097,0.26829958245548474,-0.9044754871088436,-0.43667085535592354,-28.219421145803043,43.32542169631135,1623094805.0,Normal
0.35350298186948614,0.46355268690965534,-0.94065139657492,-2.292932955262658,-31.4788782223769,42.209100242738735,1623094805.0,Normal
0.33363338228679723,0.37539918576698866,-0.8384490330766168,-5.224194722207894,-35.03236319281532,41.26668403200127,1623094805.0,Normal
0.2738807053297232,0.23441509797144067,-0.7773768194705578,-11.424941976006657,-39.14859036902077,39.447475646990554,1623094805.0,Normal
