acc_x_mean_1,acc_x_mean_2,acc_x_mean_3,acc_x_mean_4,acc_x_median_1,acc_x_median_2,acc_x_median_3,acc_x_median_4,acc_x_std_1,acc_x_std_2,acc_x_std_3,acc_x_std_4,acc_x_tendency_1,acc_x_tendency_2,acc_x_tendency_3,acc_y_mean_1,acc_y_mean_2,acc_y_mean_3,acc_y_mean_4,acc_y_median_1,acc_y_median_2,acc_y_median_3,acc_y_median_4,acc_y_std_1,acc_y_std_2,acc_y_std_3,acc_y_std_4,acc_y_tendency_1,acc_y_tendency_2,acc_y_tendency_3,acc_z_mean_1,acc_z_mean_2,acc_z_mean_3,acc_z_mean_4,acc_z_median_1,acc_z_median_2,acc_z_median_3,acc_z_median_4,acc_z_std_1,acc_z_std_2,acc_z_std_3,acc_z_std_4,acc_z_tendency_1,acc_z_tendency_2,acc_z_tendency_3,gyro_x_mean_1,gyro_x_mean_2,gyro_x_mean_3,gyro_x_mean_4,gyro_x_median_1,gyro_x_median_2,gyro_x_median_3,gyro_x_median_4,gyro_x_std_1,gyro_x_std_2,gyro_x_std_3,gyro_x_std_4,gyro_x_tendency_1,gyro_x_tendency_2,gyro_x_tendency_3,gyro_y_mean_1,gyro_y_mean_2,gyro_y_mean_3,gyro_y_mean_4,gyro_y_median_1,gyro_y_median_2,gyro_y_median_3,gyro_y_median_4,gyro_y_std_1,gyro_y_std_2,gyro_y_std_3,gyro_y_std_4,gyro_y_tendency_1,gyro_y_tendency_2,gyro_y_tendency_3,gyro_z_mean_1,gyro_z_mean_2,gyro_z_mean_3,gyro_z_mean_4,gyro_z_median_1,gyro_z_median_2,gyro_z_median_3,gyro_z_median_4,gyro_z_std_1,gyro_z_std_2,gyro_z_std_3,gyro_z_std_4,gyro_z_tendency_1,gyro_z_tendency_2,gyro_z_tendency_3,timeStamp,evento
-0.254248046875,-0.24483642578125,-0.23988444010416668,-0.23585205078125,-0.2530517578125,-0.2445068359375,-0.2371826171875,-0.23345947265625,0.006970802723265768,0.01138544379763615,0.012356094004160285,0.01340918351914352,0.9629825235260226,0.9435055374175789,0.9276454772421738,-0.07763671875,-0.04178466796875,-0.03201497395833333,-0.0241455078125,-0.0711669921875,-0.05206298828125,-0.0220947265625,-0.01007080078125,0.015667285920478176,0.03984039329900083,0.03673199534220814,0.03495936043874476,0.5382075471698113,0.4123689727463312,0.31100628930817614,1.0341796875,1.02930908203125,1.0300699869791667,1.0318115234375,1.0318603515625,1.02667236328125,1.02978515625,1.0303955078125,0.012238484867665569,0.010867747914215896,0.009827751062257563,0.010603154107235713,0.9952903682719547,0.9960261252754171,0.997710103871577,-0.3807830810546875,0.0678253173828125,0.090362548828125,0.051921844482421875,-0.3990936279296875,-0.0176239013671875,0.1197052001953125,-0.01644134521484375,0.1399822380515102,0.4814238630550089,0.4113477304117823,0.36461597767951176,-0.17812061711079943,-0.23730715287517531,-0.13635543979162493,0.3284454345703125,0.2384185791015625,0.106353759765625,0.09855270385742188,0.3253936767578125,0.1804351806640625,0.1422882080078125,0.1194000244140625,0.1352448718637716,0.13320669409928843,0.22181350776259007,0.19506939551581964,0.7259001161440186,0.3238095238095238,0.3000580720092915,-2.498626708984375,-1.955413818359375,-1.5993754069010417,-1.31683349609375,-2.315521240234375,-1.842498779296875,-1.384735107421875,-1.079559326171875,0.5081886952116037,0.6694140497494683,0.7458300188193381,0.8104625767223957,0.7825954198473283,0.6401017811704834,0.5270229007633588,1624412942.815361,BUMP
-0.2597900390625,-0.25701904296875,-0.24982096354166666,-0.24486083984375,-0.255859375,-0.25445556640625,-0.2515869140625,-0.2445068359375,0.010038722882296531,0.009075375651106376,0.01302697609009761,0.014628480668237407,0.9893337092378537,0.9616264135576231,0.9425335964664976,-0.0797119140625,-0.07867431640625,-0.054427083333333334,-0.043939208984375,-0.07861328125,-0.07275390625,-0.069580078125,-0.05438232421875,0.007898996274899673,0.012450124659163127,0.03739827097649006,0.03813253584239523,0.9869831546707504,0.6827973455844819,0.5512251148545176,1.0298095703125,1.03199462890625,1.0294759114583334,1.0300048828125,1.0321044921875,1.031982421875,1.0302734375,1.0306396484375,0.008134830103661029,0.010618496475201897,0.010042548524748146,0.00943372137958759,1.0021218083971455,0.9996759994626332,1.0001896588511414,0.5774688720703125,0.09834289550781249,0.23770650227864584,0.21213912963867188,0.6842803955078125,-0.1244354248046875,0.1502227783203125,0.1425933837890625,0.48223567566231035,0.5963512709323815,0.5382833270712785,0.47909459933116283,0.1702999075175056,0.41163517857929277,0.3673602853745541,0.2368927001953125,0.2826690673828125,0.23790995279947916,0.13898849487304688,0.1880645751953125,0.2719879150390625,0.1880645751953125,0.1499176025390625,0.1349001227130148,0.14261866998959866,0.1337754860677649,0.2112948479093843,1.1932367149758454,1.0042941492216855,0.5867149758454107,-4.952239990234375,-3.725433349609375,-2.9543558756510415,-2.437591552734375,-5.138397216796875,-3.467559814453125,-2.315521240234375,-1.842498779296875,0.9274733326720723,1.436762262819063,1.6066267483746242,1.6553149035275931,0.7522723771375751,0.5965696092024855,0.4922199969188107,1624412943.06725,BUMP
-0.253515625,-0.25665283203125,-0.2558512369791667,-0.25074462890625,-0.2503662109375,-0.25372314453125,-0.2530517578125,-0.2509765625,0.010286232990098315,0.01063641580016454,0.009638708428688567,0.01250150790656153,1.0123748073959937,1.0092128916281458,0.989069722650231,-0.0948974609375,-0.0873046875,-0.08408203125,-0.064544677734375,-0.0902099609375,-0.08734130859375,-0.0845947265625,-0.07275390625,0.01176889499244775,0.012573811045990627,0.014421955211742846,0.037292048425247686,0.9199897092873682,0.8860303576022639,0.6801517880113198,1.027490234375,1.02864990234375,1.0304931640625,1.0289794921875,1.029296875,1.03118896484375,1.0318603515625,1.02978515625,0.007880638525986998,0.00809226741983326,0.010018911757723058,0.009586709436799604,1.0011286413534193,1.0029225870835905,1.0014494131064962,1.4563751220703125,1.0169219970703125,0.5510203043619791,0.5423736572265625,1.4777374267578125,1.2564849853515625,0.6842803955078125,0.6308746337890625,0.09386325988299377,0.5601783897036188,0.8061391540676522,0.7056773405412228,0.6982555398396982,0.37835053346604497,0.3724134318193724,0.07415771484375,0.15552520751953125,0.213165283203125,0.19697189331054688,0.0507354736328125,0.1117706298828125,0.1880645751953125,0.1651763916015625,0.064836208927622,0.13349740601371124,0.1569167084146765,0.139644613736745,2.0972222222222223,2.874485596707819,2.656121399176955,-7.698822021484375,-6.325531005859375,-5.049896240234375,-4.140472412109375,-7.747650146484375,-6.381988525390625,-5.138397216796875,-3.467559814453125,0.6828985766663705,1.5966235743003865,2.2450043621035016,2.504624135898956,0.8216232286195619,0.6559310276483996,0.5378059657120207,1624412943.318402,BUMP
-0.2870361328125,-0.27027587890625,-0.26678059895833334,-0.2636474609375,-0.2874755859375,-0.2735595703125,-0.270263671875,-0.2587890625,0.00961108184790398,0.01949348231355333,0.017645297333954896,0.016586593162165743,0.9416092540614102,0.9294321113662782,0.9185166283915965,-0.15869140625,-0.12679443359375,-0.11110026041666667,-0.102734375,-0.1595458984375,-0.11785888671875,-0.09033203125,-0.0889892578125,0.02406798164054547,0.037098573819353324,0.03782787742430436,0.03666798755405099,0.799,0.7001025641025641,0.6473846153846154,1.025439453125,1.02646484375,1.0275797526041666,1.029229736328125,1.0255126953125,1.02667236328125,1.029296875,1.02978515625,0.005064138076816189,0.006702716236944761,0.007382104515652045,0.009299681023670098,1.0009999523832198,1.0020872021967206,1.003696252559402,0.6232452392578125,1.0398101806640625,0.8856964111328125,0.5690765380859375,0.4859161376953125,1.2183380126953125,0.9589385986328124,0.5622100830078125,0.25496336150153104,0.45873158169108424,0.5150815141696442,0.7103695611768603,1.6683804627249357,1.4211041743175419,0.913086057044926,0.8411407470703125,0.45764923095703125,0.384063720703125,0.3701591491699219,0.9052276611328124,0.2643585205078125,0.1880645751953125,0.2719879150390625,0.29704124413803284,0.4396411721898341,0.38177468380920515,0.33832933226095224,0.5440816326530612,0.45659863945578233,0.44006802721088434,-10.579681396484377,-9.139251708984375,-7.743581136067708,-6.432342529296875,-10.646820068359377,-8.838653564453125,-7.747650146484375,-6.381988525390625,0.9471566835661911,1.6602908809151127,2.4536174987115675,3.1205421182275166,0.8638494266964735,0.7319295209249777,0.6079901925434483,1624412943.570763,BUMP
-0.2999755859375,-0.293505859375,-0.28017578125,-0.275079345703125,-0.3033447265625,-0.29400634765625,-0.2869873046875,-0.27484130859375,0.00688701619908541,0.010571627358184036,0.021567499438111492,0.02125988544505694,0.978432489623179,0.9339952795637665,0.9170057784650443,-0.2071533203125,-0.18292236328125,-0.15358072916666668,-0.135113525390625,-0.20166015625,-0.182861328125,-0.1595458984375,-0.11785888671875,0.02060812982668765,0.033001828074394716,0.0499410891515579,0.05393788715446827,0.8830288744843842,0.7413867609506973,0.6522392457277548,1.0237060546875,1.02457275390625,1.0255452473958333,1.026611328125,1.0252685546875,1.025390625,1.0255126953125,1.0283203125,0.005595775557177371,0.005406502271289961,0.0064868959890918895,0.007177277634809131,1.0008466289857145,1.0017966023546618,1.0028379957549307,1.1115264892578125,0.8673858642578125,1.0637156168619792,0.9421539306640625,1.0962677001953125,0.7910919189453125,1.1115264892578125,1.0276031494140625,0.3070013754872874,0.37313901552238415,0.4157515251170945,0.4817743666407607,0.7803555494543208,0.9569862951014713,0.8476216624339351,1.0089874267578125,0.9250640869140625,0.6414286295572916,0.5402946472167969,1.0578155517578125,1.0044097900390625,0.7068634033203125,0.3940582275390625,0.18038960822914613,0.25967303038359063,0.45525023720484686,0.4366615872565861,0.9168241965973535,0.6357151858853182,0.5354820415879017,-14.934539794921875,-12.757110595703127,-11.071014404296875,-9.54132080078125,-14.736175537109377,-12.516021728515627,-10.646820068359377,-8.838653564453125,1.4000552213370714,2.483913871417255,3.1550768034655436,3.8341650309342556,0.8542017879948915,0.7413026819923372,0.6388761174968072,1624412943.8230536,BUMP
-0.287646484375,-0.29381103515625,-0.291552734375,-0.28204345703125,-0.2811279296875,-0.30010986328125,-0.288818359375,-0.2840576171875,0.013784457294129384,0.012518898268005887,0.012061205806054897,0.02017015687109863,1.0214309964352402,1.0135800373451027,0.9805211339331182,-0.2681396484375,-0.237646484375,-0.211328125,-0.182220458984375,-0.2666015625,-0.241455078125,-0.20166015625,-0.182861328125,0.012590083722115702,0.034949043850787814,0.04891514868820672,0.0661128899183764,0.8862787945005919,0.7881271055267232,0.6795729764181008,1.01650390625,1.02010498046875,1.0218831380208333,1.023284912109375,1.017578125,1.01995849609375,1.0208740234375,1.02154541015625,0.004052587299665626,0.006069251970614117,0.0062792833748990876,0.00714094373713665,1.0035426073590161,1.0052918948345981,1.0066709097896052,1.5662384033203125,1.3388824462890625,1.1003367106119792,1.1893463134765625,1.5540313720703125,1.5311431884765625,1.1115264892578125,1.3480377197265625,0.037871318499727954,0.31548814851843915,0.4492572638914409,0.42112322776678557,0.8548394953480443,0.7025346258138894,0.7593648010132008,0.1117706298828125,0.5603790283203125,0.6539662679036459,0.5090141296386719,0.1422882080078125,0.6076812744140625,0.7068634033203125,0.4322052001953125,0.30009813889012504,0.5123954986237189,0.47112745027778447,0.4801615420498873,5.013651877133106,5.850967007963595,4.554095563139931,-20.31784057617187,-17.626190185546875,-15.277353922526041,-13.382720947265625,-19.89364624023437,-17.688751220703125,-14.736175537109377,-12.516021728515627,1.727046881345877,3.1171147880582715,4.220272729337811,4.923770545205165,0.8675228117607301,0.7519181905799007,0.6586684690773911,1624412944.074265,BUMP
-0.271484375,-0.2795654296875,-0.2863688151041667,-0.28653564453125,-0.2698974609375,-0.27520751953125,-0.2869873046875,-0.2872314453125,0.009576414070591142,0.014358374891850127,0.015678787899181548,0.014406422603673735,1.0297661870503596,1.054826139088729,1.0554406474820144,-0.2046142578125,-0.236376953125,-0.2266357421875,-0.209649658203125,-0.1966552734375,-0.237548828125,-0.225830078125,-0.1995849609375,0.01452655183049668,0.03454901259980818,0.033572363144756624,0.04307813549560485,1.1552320725450425,1.1076243884977925,1.0246092351748002,1.0257568359375,1.02113037109375,1.0219889322916667,1.0228515625,1.0286865234375,1.02008056640625,1.0211181640625,1.02276611328125,0.00527648837529137,0.00659822503772437,0.006398140755110499,0.006272632628004527,0.9954897060573605,0.9963267087151414,0.9971676782101632,3.1317901611328125,2.3490142822265625,1.9365183512369792,1.6082000732421875,3.2630157470703125,1.7218780517578125,1.5692901611328125,1.5311431884765625,1.0301931630178949,1.0696280528970403,1.0651096259912234,1.0910885117431166,0.7500548125411094,0.6183423063493224,0.5135082462422957,0.2735137939453125,0.1926422119140625,0.4647572835286458,0.5588531494140625,0.3864288330078125,0.2414703369140625,0.5237579345703125,0.6076812744140625,0.3342475969261003,0.3277657506334852,0.4801669357395709,0.4706810870887989,0.704323570432357,1.699209669920967,2.0432357043235703,-25.49362182617187,-22.905731201171875,-20.248667399088543,-17.8314208984375,-26.11923217773437,-23.288726806640625,-19.89364624023437,-17.688751220703125,1.0457336979907916,2.955554573291263,4.5383803492820425,5.7620474248826845,0.898488702678438,0.7942640530699787,0.6994463564267546,1624412944.326133,BUMP
-0.2818115234375,-0.27664794921875,-0.2803141276041667,-0.2852294921875,-0.2811279296875,-0.27191162109375,-0.277587890625,-0.28314208984375,0.011202995863506737,0.011630559320046573,0.013431260387743454,0.014820230824633065,0.9816772069652604,0.9946865344075776,1.0121285627653123,-0.2252197265625,-0.2149169921875,-0.23265787760416667,-0.22628173828125,-0.1943359375,-0.19549560546875,-0.225830078125,-0.22198486328125,0.04982520783989217,0.03811734982639908,0.040631715920406444,0.03829283830837816,0.9542547425474254,1.033026196928636,1.0047154471544715,1.02548828125,1.02562255859375,1.0225830078125,1.02286376953125,1.0186767578125,1.02655029296875,1.01904296875,1.02099609375,0.020867154960078522,0.015220307922519237,0.013356299687722891,0.011910403580942261,1.0001309399104847,0.9971669364822399,0.9974407199314351,4.1815948486328125,3.6566925048828125,2.959874471028646,2.4977874755859375,4.3769073486328125,3.804702758789063,2.9273223876953125,1.7218780517578125,0.7872943708102995,1.0564505005883822,1.3098271884715826,1.3967358672827546,0.8744731704647047,0.7078338715661053,0.5973289058366327,0.5970001220703125,0.4352569580078125,0.3274281819661458,0.4978179931640625,0.5847930908203125,0.5466461181640625,0.5237579345703125,0.5466461181640625,0.06209408553886659,0.2897402576029766,0.3305147482200346,0.42090754930586116,0.729073482428115,0.5484558040468583,0.8338658146964856,-26.226043701171875,-25.859832763671875,-24.012502034505207,-21.743011474609375,-26.21078491210937,-26.16500854492187,-25.859832763671875,-23.288726806640625,0.33693949285535824,0.8588678857799903,2.882925826214033,4.709060081338535,0.9860363636363636,0.9155975757575757,0.8290618181818182,1624412944.578327,BUMP
-0.29345703125,-0.28763427734375,-0.2822509765625,-0.283599853515625,-0.2896728515625,-0.28314208984375,-0.2767333984375,-0.27935791015625,0.0209858714214208,0.017800601699656877,0.01731386835265795,0.01666699585490176,0.9801580698835275,0.9618136439267886,0.966410149750416,-0.2105712890625,-0.2178955078125,-0.21346842447916667,-0.22713623046875,-0.21728515625,-0.208251953125,-0.19921875,-0.22198486328125,0.027341897084262125,0.0408498410832315,0.03495727936675617,0.038943071903526284,1.0347826086956522,1.0137584541062803,1.0786666666666667,1.072607421875,1.0490478515625,1.0412841796875,1.035089111328125,1.0615234375,1.0535888671875,1.0299072265625,1.02655029296875,0.019768668079960257,0.03111547123540661,0.02784381460859493,0.026470757277714856,0.978035234670187,0.9707971047480313,0.9650213957299587,2.1735382080078125,3.1775665283203125,3.1623077392578125,2.7632904052734375,2.2406768798828125,2.6602935791015625,2.9273223876953125,2.2711944580078125,0.21090274100550532,1.1576826267272695,1.1170128416813359,1.1890295723874917,1.4619326757695952,1.4549124223384464,1.2713327951139035,0.5756378173828125,0.5863189697265625,0.4820505777994792,0.3894805908203125,0.6000518798828125,0.5924224853515625,0.5542755126953125,0.5313873291015625,0.12076635093633654,0.09661356273362262,0.25535674548194937,0.3116530624053745,1.0185553346587144,0.837419924895074,0.6766070245195493,-28.377532958984375,-27.301788330078125,-26.699066162109375,-25.103759765625,-28.636932373046875,-27.12631225585937,-26.39389038085937,-26.16500854492187,0.4855077173796298,1.1540578362287772,1.4067577399113294,3.140844748261818,0.9620916789891114,0.9408522650893938,0.8846350315902675,1624412944.830767,BUMP
-0.2643798828125,-0.27891845703125,-0.2798828125,-0.277783203125,-0.2950439453125,-0.29022216796875,-0.28515625,-0.2789306640625,0.06147150663585753,0.04817620371110039,0.03988725867226811,0.03506275885447319,1.0549912272601347,1.0586388401514453,1.050697201957706,-0.2576171875,-0.23409423828125,-0.23113606770833334,-0.224505615234375,-0.228271484375,-0.2227783203125,-0.21728515625,-0.208251953125,0.07823587560690665,0.06314701041237634,0.059189373548413256,0.05302999465245578,0.9086902956785443,0.8972074804144554,0.8714698635329795,1.0161376953125,1.04437255859375,1.0380777994791666,1.03499755859375,1.03955078125,1.06085205078125,1.0523681640625,1.03472900390625,0.05836556316286061,0.051921836494847086,0.04496271166195005,0.039391091177155384,1.027786453953533,1.0215916644642526,1.01856034213498,0.8551788330078125,1.5143585205078125,2.403437296549479,2.5855255126953125,0.7910919189453125,1.4624786376953125,2.2406768798828125,2.2711944580078125,0.197163394839027,0.6900685079226847,1.4508604271959167,1.3941089728073834,1.7708091712017129,2.810449936063282,3.0233740744044963,-1.0143280029296875,-0.2193450927734375,0.052769978841145836,0.1079559326171875,-1.1394500732421875,-0.0560760498046875,0.5390167236328125,0.5313873291015625,0.30660675250503927,0.8284285929038077,0.7790428348811406,0.7016036177429286,0.21624670928920647,-0.052024570640591704,-0.10643098909364422,-28.307342529296875,-28.342437744140625,-27.636973063151043,-27.10113525390625,-28.423309326171875,-28.461456298828125,-28.28598022460937,-27.12631225585937,0.28523733997919765,0.39971329222546803,1.0675754697056121,1.4105120534277673,1.0012397919305716,0.9763181773261821,0.9573888903862221,1624412945.081747,BUMP
-0.2641845703125,-0.2642822265625,-0.2740071614583333,-0.275958251953125,-0.2689208984375,-0.281982421875,-0.2896728515625,-0.28314208984375,0.0661728020505134,0.06386550294480203,0.05527343510364517,0.04831316086278864,1.000369651603364,1.0371807904383452,1.044566121430552,-0.198779296875,-0.2281982421875,-0.22232259114583333,-0.223046875,-0.2076416015625,-0.21795654296875,-0.21728515625,-0.21246337890625,0.19996563795064312,0.154657779111797,0.1275314030173664,0.11322723021455476,1.1479980348808647,1.118439367886678,1.1220830262834685,1.07109375,1.04361572265625,1.0532796223958334,1.046331787109375,1.065673828125,1.05340576171875,1.0615234375,1.0535888671875,0.10552198973634297,0.08958658731819871,0.0752831527000086,0.06711439186102232,0.9743458242159008,0.983368283491369,0.9768816101385849,3.2447052001953125,2.0499420166015625,2.0911407470703125,2.6137542724609375,3.2172393798828125,1.3785552978515625,2.1491241455078125,2.3474884033203125,1.005571564913711,1.397312725586081,1.148858808366903,1.4015135456044348,0.6317806673093653,0.6444778856780079,0.8055444520209739,-1.9756317138671875,-1.4949798583984375,-0.8047739664713541,-0.4543304443359375,-1.6429901123046875,-1.2386322021484375,-1.0936737060546875,-0.0560760498046875,0.8184971477188533,0.7829424288658423,1.1688865420932766,1.180727621723079,0.7567097895346592,0.4073501963055931,0.22996717513033405,-26.708221435546868,-27.507781982421875,-27.797698974609375,-27.40478515625,-26.54647827148437,-27.56881713867187,-28.28598022460937,-27.40097045898437,0.4041246425109085,0.8727173663452206,0.8685812418019279,1.0282756885399325,1.0299368697689035,1.040791841631674,1.0260804981860774,1624412945.334667,BUMP
-0.267724609375,-0.26595458984375,-0.2654296875,-0.2724365234375,-0.190673828125,-0.24700927734375,-0.2646484375,-0.276611328125,0.19005028749347347,0.14230990381180497,0.12149707363932062,0.1064356290279862,0.9933886558453402,0.9914280503374067,1.017599854094474,-0.3424072265625,-0.27059326171875,-0.26626790364583336,-0.25234375,-0.2584228515625,-0.24920654296875,-0.239990234375,-0.23162841796875,0.19772215034861323,0.2114175917380647,0.17853841861009362,0.15708442376042472,0.7902673796791443,0.7776351752822341,0.7369696969696969,1.0186279296875,1.04486083984375,1.0352864583333334,1.04461669921875,1.0201416015625,1.0390625,1.03955078125,1.0491943359375,0.02510337912773859,0.08105985785849745,0.07549382483187955,0.0680687037864208,1.0257531816983438,1.0163538895413402,1.0255135057402391,1.2213897705078125,2.2330474853515625,1.7737579345703125,1.8737030029296875,1.4014434814453125,2.1414947509765625,1.4014434814453125,1.6989898681640625,0.9073220357764965,1.3930739594103345,1.314770558662851,1.156526375857446,1.828284090199263,1.4522456118433382,1.5340745830470361,-2.3174285888671875,-2.1465301513671875,-1.7691294352213542,-1.1829376220703125,-2.1770477294921875,-1.9100189208984375,-1.3378143310546875,-1.2004852294921875,0.8673329789763021,0.860411712241206,0.8998540868921846,1.281331997012469,0.9262551440329219,0.7634019204389575,0.5104526748971193,-27.098846435546875,-26.903533935546875,-27.371470133463543,-27.62298583984375,-27.172088623046875,-26.920318603515625,-27.37045288085937,-27.56881713867187,0.47956313095936237,0.484557255942276,0.7884029258814428,0.8455142031512037,0.9927925898814719,1.0100603432904456,1.0193417607477688,1624412945.586446,BUMP
-0.2943359375,-0.2810302734375,-0.2754150390625,-0.27265625,-0.2947998046875,-0.27239990234375,-0.27197265625,-0.27239990234375,0.02049696862672946,0.13581847976531997,0.11756040116362707,0.10645588393606703,0.954794293297943,0.9357166556071665,0.9263437292634373,-0.164501953125,-0.25345458984375,-0.2352294921875,-0.240826416015625,-0.1556396484375,-0.21826171875,-0.2076416015625,-0.21795654296875,0.0525169467822108,0.16981934753767164,0.18226025628637726,0.1629057718228249,1.540739091718611,1.429949539922826,1.4639729890175126,1.031103515625,1.02486572265625,1.0402750651041666,1.03424072265625,1.0274658203125,1.0238037109375,1.03515625,1.037353515625,0.030680463741731723,0.028716638219686074,0.0688207041213145,0.06717954743804687,0.9939503717384099,1.0088948872156713,1.0030425723350855,4.3769073486328125,2.7991485595703125,2.947667439778646,2.4245452880859375,4.4379425048828125,3.1943511962890625,3.2172393798828125,2.1414947509765625,0.34567135594834264,1.7206637608575222,1.5345888564139623,1.6114933839496126,0.6395265735850372,0.6734589528607204,0.5539402813366103,0.5542755126953125,-0.8815765380859375,-1.2462615966796875,-1.1882781982421875,0.8594512939453125,-1.0250091552734375,-1.2615203857421875,-1.2004852294921875,1.0404211784059236,1.7259902879739677,1.5733185395795284,1.3748041929278518,-1.59050240880936,-2.248451479697178,-2.143840330350998,-24.514007568359375,-25.806427001953125,-26.107025146484375,-26.6571044921875,-24.272918701171875,-25.821685791015625,-26.45492553710937,-26.920318603515625,0.44396521225386615,1.372549068508799,1.2210997890681843,1.4305297850390633,1.0527216706607325,1.064983971865177,1.0874233606174721,1624412945.8383632,BUMP
-0.2357666015625,-0.26505126953125,-0.2659423828125,-0.2655029296875,-0.2850341796875,-0.2899169921875,-0.2728271484375,-0.27239990234375,0.1186310573996957,0.09002398863284967,0.13207638362246665,0.11907316080058956,1.1242104173138656,1.1279900590245417,1.1261261261261262,-0.1373779296875,-0.15093994140625,-0.21476236979166666,-0.2107666015625,-0.1826171875,-0.16912841796875,-0.196533203125,-0.20208740234375,0.14613807128319503,0.11063955418704646,0.1712854195292818,0.17902090321794023,1.0987204549493512,1.5632960132693559,1.5342100586458147,1.005615234375,1.018359375,1.0184488932291667,1.031610107421875,1.0455322265625,1.0364990234375,1.0274658203125,1.0390625,0.07840928805179465,0.06088568612053481,0.05178275540965246,0.07290038117129552,1.0126729788783686,1.0127619972485231,1.0258497208060209,2.3902130126953125,3.3835601806640625,2.662836710611979,2.8083038330078125,1.9355010986328125,3.8733673095703125,2.6221466064453125,2.7518463134765625,0.8892824360173698,1.2007891425132111,1.508164041460602,1.4220389151149162,1.4155893900220242,1.1140583272154658,1.1749178077819273,0.9815216064453125,0.7678985595703125,-0.2605438232421875,-0.6893157958984375,0.7984161376953125,0.8289337158203125,0.6305694580078125,-0.9792327880859375,0.35811048368422754,0.8068422892091238,1.673361672833328,1.6790250370060704,0.7823552273610571,-0.26544889234356783,-0.7022930431403032,-23.757171630859375,-24.135589599609375,-25.123341878255207,-25.519561767578125,-23.723602294921875,-24.173736572265625,-24.272918701171875,-25.783538818359375,0.2754031780439091,0.5288441823042291,1.4880927971411166,1.4739792784953896,1.0159285783101577,1.057505593200381,1.0741834997912585,1624412946.089711,BUMP
-0.1867431640625,-0.2112548828125,-0.23894856770833334,-0.246142578125,-0.2442626953125,-0.25567626953125,-0.2728271484375,-0.26953125,0.11730806887615514,0.12049099450867864,0.10654877808923047,0.1330395463234311,1.13125898810302,1.2795572405978997,1.3180807948751472,0.001611328125,-0.06788330078125,-0.10008951822916666,-0.1606689453125,0.0521240234375,-0.02593994140625,-0.115966796875,-0.16912841796875,0.1475747867689316,0.16247101350995294,0.14349812172411078,0.19033364480725784,-42.12878787878788,-62.11616161616161,-99.71212121212122,1.0527099609375,1.02916259765625,1.0298095703125,1.02701416015625,1.080078125,1.076171875,1.0517578125,1.04034423828125,0.08455758296319951,0.08487331124790053,0.07153265040404352,0.06339304315225033,0.977631670493286,0.9782462487534499,0.9755908068368933,6.5283966064453125,4.4593048095703125,4.4318389892578125,3.6292266845703125,7.1234893798828125,4.1251373291015625,4.4074249267578125,3.8733673095703125,1.339370577257965,2.3608280879835526,1.9383010977021389,2.2262358844187493,0.6830627914314763,0.6788556603442836,0.5559139407963164,1.1920928955078125,1.0868072509765625,0.9092966715494791,0.1026153564453125,1.4545440673828125,1.1417388916015625,1.0730743408203125,0.7831573486328125,0.4774221265414834,0.4349397310689523,0.7415931954585947,1.597730016987353,0.91168,0.7627733333333333,0.08608,-18.730926513671875,-21.244049072265625,-22.334035237630207,-23.525238037109375,-18.444061279296875,-22.42660522460937,-23.723602294921875,-24.173736572265625,1.8041645299650684,2.825104117611098,2.786153304258706,3.1837674544050287,1.1341696875891003,1.1923614788263885,1.2559569874954177,1624412946.342066,BUMP
-0.2033447265625,-0.1950439453125,-0.2086181640625,-0.230047607421875,-0.2034912109375,-0.20355224609375,-0.20361328125,-0.25567626953125,0.010236860366606808,0.08367730359045655,0.09862837073267487,0.09369290898374184,0.9591787729619402,1.0259334854124145,1.1313182855084645,-0.1078857421875,-0.05313720703125,-0.08121744791666667,-0.10203857421875,-0.127197265625,-0.0777587890625,-0.107177734375,-0.12158203125,0.08319008595196786,0.1317074642799369,0.14233885361063817,0.13109281926057706,0.49253224711473187,0.7528098363128913,0.9458022176963115,1.0107666015625,1.03173828125,1.0230305989583333,1.025048828125,1.0103759765625,1.0247802734375,1.0299072265625,1.0286865234375,0.013345004377882502,0.06406128579826614,0.07026297155306202,0.06285066697624841,1.0207482911040795,1.0121333623181403,1.014130093476003,2.6709747314453125,4.5996856689453125,3.863194783528646,3.9916229248046875,3.2477569580078125,5.5442047119140625,4.0259552001953125,4.3158721923828125,3.1587595122208834,3.0993166150084206,2.784293037556359,2.427667465538528,1.722100031420492,1.4463614118274348,1.4944442857550915,0.4688262939453125,0.8304595947265625,0.8808135986328125,0.7991790771484375,0.1575469970703125,1.1112213134765625,1.0120391845703125,0.9357452392578125,0.5969756246299835,0.650334172476595,0.5742604938999172,0.7334459615769071,1.7713588283157038,1.8787632221318145,1.7046379170056958,-15.563201904296875,-17.147064208984375,-19.350433349609375,-20.641326904296875,-16.048431396484375,-16.460418701171875,-18.444061279296875,-22.42660522460937,0.9240529147783983,2.136132374282376,3.5744921956618536,3.8250804734880703,1.101769694592872,1.2433452620226482,1.3262905044364919,1624412946.593718,BUMP
-0.1852783203125,-0.1943115234375,-0.19178873697916668,-0.202783203125,-0.1927490234375,-0.1978759765625,-0.1986083984375,-0.2005615234375,0.018086421292716044,0.017249774820820664,0.06926875003750946,0.08648460326125873,1.048754776650415,1.035138577766065,1.094478850968507,-0.077197265625,-0.09254150390625,-0.0611572265625,-0.08021240234375,-0.083740234375,-0.11309814453125,-0.083740234375,-0.095458984375,0.0477885302130001,0.06955294859845332,0.1115995522597206,0.12557558755659334,1.19876660341556,0.7922201138519924,1.0390575585072739,1.027783203125,1.01927490234375,1.030419921875,1.02421875,1.03076171875,1.01922607421875,1.0299072265625,1.03033447265625,0.017349210687101997,0.01766163381003575,0.053288898832588714,0.061499168816819036,0.9917216969927312,1.002565442538838,0.9965319017530523,0.4248809814453125,1.5479278564453125,3.2080841064453125,3.0036163330078125,-0.3838348388671875,0.8444976806640625,3.2935333251953125,2.9349517822265625,1.9259227445359968,2.846876239043551,3.393132025654676,2.993014489025783,3.643203447656671,7.550547674627402,7.069312264320345,1.3843536376953125,0.9265899658203125,1.0150909423828125,1.0066986083984375,1.4392852783203125,1.1722564697265625,1.2714385986328125,1.1417388916015625,0.19170286590013927,0.6372695833686287,0.6019832411288929,0.5514163040664366,0.6693303940479471,0.7332598511986773,0.7271975750895564,-12.712860107421877,-14.138031005859375,-15.668996175130209,-17.6910400390625,-12.569427490234377,-13.820648193359377,-16.048431396484375,-16.460418701171875,0.5216274565239624,1.6106199384424016,2.738997926281514,4.232201332728477,1.1121046630258655,1.2325311568545079,1.3915861489527694,1624412946.845896,BUMP
-0.1647216796875,-0.175,-0.1844482421875,-0.18502197265625,-0.166015625,-0.17120361328125,-0.1898193359375,-0.1912841796875,0.007020306017473846,0.01714192329712877,0.02023281214114527,0.06122342910332337,1.0623981028605305,1.1197569290054838,1.123239958500074,-0.0264892578125,-0.05184326171875,-0.07052408854166667,-0.052490234375,-0.035888671875,-0.04339599609375,-0.0587158203125,-0.04962158203125,0.028746353415721064,0.04688148612606389,0.0668585013995958,0.09885738979882852,1.957142857142857,2.6623655913978497,1.9815668202764978,1.0468994140625,1.03734130859375,1.0284830729166667,1.034539794921875,1.047119140625,1.040771484375,1.03076171875,1.0384521484375,0.00733292126220314,0.016393315802585857,0.01988618267136621,0.046841680685250034,0.9908700823208413,0.982408681389582,0.9881940719666052,4.1938018798828125,2.3093414306640625,2.4298858642578125,3.4545135498046875,4.2548370361328125,3.2553863525390625,3.2477569580078125,4.1327667236328125,0.5590633739040276,2.3584012215165475,2.6576342902520174,2.9825038278795266,0.5506558241918172,0.5793992977860248,0.8237188233367898,0.6458282470703125,1.0150909423828125,0.8330027262369791,0.9227752685546875,0.6458282470703125,0.9586334228515625,0.8441925048828125,1.0425567626953125,0.1424880069571381,0.40605584420116936,0.5431633592137937,0.5499364744083736,1.5717660956881276,1.289820830872219,1.4288245717660957,-10.164642333984377,-11.438751220703127,-12.813568115234375,-14.29290771484375,-9.838104248046877,-11.829376220703127,-12.569427490234377,-13.820648193359377,1.0021481984029847,1.5038455913745588,2.360628862233899,3.3997817333796707,1.1253471440366283,1.260601966524056,1.406139758312692,1624412947.097854,BUMP
-0.1744140625,-0.16956787109375,-0.1748046875,-0.181939697265625,-0.1688232421875,-0.16668701171875,-0.1688232421875,-0.18304443359375,0.0116645577204871,0.010777702577209518,0.015534712284641823,0.01897152827088516,0.9722144456886898,1.002239641657335,1.0431480963045914,-0.0521728515625,-0.0393310546875,-0.051953125,-0.065936279296875,-0.0496826171875,-0.0489501953125,-0.0496826171875,-0.0548095703125,0.009954412978839882,0.025052611305134975,0.03870792442628658,0.05865544282066181,0.7538605521759476,0.99578848853533,1.263804398689752,1.04140625,1.04415283203125,1.0386962890625,1.0317138671875,1.0369873046875,1.0439453125,1.0404052734375,1.035400390625,0.008761349538030034,0.00853288947760314,0.014436743448094808,0.018630609282104613,1.0026373780945237,0.9973977869467366,0.9906929857464365,0.8216094970703125,2.5077056884765625,1.8134307861328125,2.0278167724609375,0.4096221923828125,2.7747344970703125,2.0728302001953125,2.2025299072265625,0.7842483205439856,1.8184386183847863,2.098787131951368,2.4363918068214345,3.052186832574984,2.207168725044108,2.4681028879190268,1.6010284423828125,1.1234283447265625,1.2104034423828125,1.0250091552734375,1.7139434814453125,0.9586334228515625,1.2714385986328125,1.0730743408203125,0.27014521455481844,0.5241588383476927,0.4588474583505276,0.5917041842889268,0.7016916845365737,0.7560162020490827,0.6402192041934716,-8.464813232421875,-9.314727783203125,-10.447438557942709,-11.72637939453125,-8.495330810546875,-8.869171142578125,-9.838104248046877,-11.829376220703127,0.20220054655123834,1.1157722795999545,1.8672790327562994,2.7812920877601988,1.100405588102749,1.2342196184467478,1.3853086976115367,1624412947.349794,BUMP
-0.1764892578125,-0.17545166015625,-0.171875,-0.175225830078125,-0.17333984375,-0.17108154296875,-0.1668701171875,-0.17108154296875,0.014503966939826399,0.013201897242416775,0.01257802137881101,0.01530094153266964,0.9941209019228109,0.9738553050214415,0.9928413335177757,-0.03408203125,-0.04312744140625,-0.037581380208333334,-0.0474853515625,-0.0333251953125,-0.046875,-0.0455322265625,-0.046875,0.01455258351883795,0.015403034029301356,0.02225168546562552,0.03516468370791945,1.2654011461318053,1.1026743075453678,1.3932664756446993,1.0505615234375,1.04598388671875,1.0462890625,1.04166259765625,1.0455322265625,1.041259765625,1.0455322265625,1.040771484375,0.025827424286223744,0.019820779586659246,0.016733769595524455,0.018694266296776712,0.9956426762101741,0.9959331644628291,0.9915293625525782,1.7493438720703125,1.2854766845703125,2.254918416341146,1.7974090576171875,1.9049835205078125,1.2564849853515625,2.1491241455078125,1.9889068603515625,0.4397497235850842,0.7870104138280319,1.5481414951247714,1.8310640652734305,0.7348336168171311,1.289008097460276,1.027476121941646,0.4261016845703125,1.0135650634765625,0.8909861246744791,1.0143280029296875,0.4322052001953125,1.1417388916015625,0.8441925048828125,1.0730743408203125,0.5700827357829891,0.7376310750289005,0.632101156263845,0.5953915164038844,2.378692927484333,2.091017606684572,2.3804834377797675,-6.200408935546875,-7.332611083984375,-8.276621500651041,-9.38568115234375,-6.145477294921875,-7.724761962890625,-8.495330810546875,-8.869171142578125,0.7541362233805562,1.2596368354198937,1.7818160143055068,2.4777439265418133,1.1826012058570199,1.3348509084943192,1.5137196997662115,1624412947.601432,BUMP
-0.1619384765625,-0.1692138671875,-0.170947265625,-0.169390869140625,-0.163818359375,-0.1680908203125,-0.1688232421875,-0.16680908203125,0.011222664152913378,0.01486902594612942,0.014098058883485576,0.012986713687694025,1.0449268807477763,1.0556309362279512,1.0460199004975126,-0.03544921875,-0.034765625,-0.040568033854166664,-0.03704833984375,-0.03564453125,-0.0347900390625,-0.0408935546875,-0.03887939453125,0.009876265336104318,0.012454977015072484,0.014275280892866686,0.01991458460234501,0.9807162534435263,1.1443985307621671,1.0451101928374658,1.0219970703125,1.036279296875,1.03798828125,1.040216064453125,1.01904296875,1.034423828125,1.035400390625,1.0390625,0.013918242694600872,0.025186676201233778,0.02131527095318515,0.01921165191792651,1.0139748214328372,1.0156470222880485,1.0178268555457346,1.2427520751953125,1.4960479736328125,1.2712351481119792,2.0018768310546875,1.1115264892578125,1.4701080322265625,1.1115264892578125,1.6684722900390625,0.3602625625823659,0.4751244877514164,0.6757161201545409,1.4220035080293676,1.2038185278408742,1.0229193525282911,1.6108416722941863,-0.5229949951171875,-0.0484466552734375,0.5013783772786459,0.5374908447265625,-0.4985809326171875,-0.4299163818359375,0.4322052001953125,0.5924224853515625,0.06298757153488249,0.6242411447119606,0.9427226260455871,0.821907842273634,0.09263311451495258,-0.9586676391928034,-1.0277169948942377,-5.110931396484375,-5.655670166015625,-6.592051188151042,-7.485198974609375,-5.214691162109375,-5.344390869140625,-6.145477294921875,-7.724761962890625,0.2714864058384305,0.7861001736517419,1.4762168470732233,2.0684840567294582,1.1065830721003134,1.2897944966910484,1.464546947305568,1624412947.8537462,BUMP
-0.1619873046875,-0.161962890625,-0.16680501302083334,-0.168707275390625,-0.1671142578125,-0.16546630859375,-0.1671142578125,-0.16766357421875,0.012700710616167886,0.011984519868096972,0.014586516441638645,0.014298465984183963,0.9998492840994725,1.0297412710374279,1.0414845516201958,-0.018115234375,-0.0267822265625,-0.029215494791666668,-0.034954833984375,-0.0146484375,-0.02618408203125,-0.0333251953125,-0.0362548828125,0.010765079035984872,0.013484454953695917,0.01427075685355305,0.016623281969127556,1.4784366576819408,1.6127583108715184,1.9295822102425877,1.037353515625,1.02967529296875,1.0366373697916667,1.03782958984375,1.0377197265625,1.0262451171875,1.035400390625,1.03619384765625,0.020634432860840286,0.01920166015625,0.023771736950294695,0.02114890270475417,0.9925982584137445,0.9993096414842708,1.0004589315132972,0.9986114501953125,1.1206817626953125,1.3302357991536458,1.2030792236328125,1.0047149658203125,1.0276031494140625,1.0810089111328125,1.0352325439453125,0.07875664001809045,0.28791843005706275,0.4555770075051668,0.5982729715515266,1.1222400488960196,1.3320854661675197,1.2047520819008328,0.05584716796875,-0.23357391357421875,-0.013682047526041666,0.3899955749511719,0.0,-0.4604339599609375,-0.2544403076171875,0.2338409423828125,0.39599391710880255,0.4051590684151341,0.5607782281795994,0.8619545485717172,-4.182377049180328,-0.24499089253187611,6.983265027322404,-3.496551513671875,-4.303741455078125,-4.935963948567708,-5.81817626953125,-3.398895263671875,-4.390716552734375,-5.184173583984375,-5.344390869140625,0.40377881310463243,0.8774546716161767,1.2256707731608179,1.8632816846015312,1.2308531529565787,1.4116663030038548,1.6639755618590444,1624412948.105758,BUMP
-0.1673828125,-0.16468505859375,-0.16376953125,-0.166949462890625,-0.1661376953125,-0.1666259765625,-0.1661376953125,-0.1669921875,0.010127687639105149,0.011799022403324293,0.01168205449882151,0.013611758077122706,0.9838827304550758,0.9784130688448074,0.9974110268378064,-0.0322021484375,-0.02515869140625,-0.0285888671875,-0.029962158203125,-0.032958984375,-0.0181884765625,-0.032958984375,-0.03314208984375,0.016678646868152677,0.01570485214679957,0.01484836707336815,0.014965216669600547,0.7812736921910538,0.8877937831690674,0.930439727065959,1.0534423828125,1.04539794921875,1.03759765625,1.040838623046875,1.0528564453125,1.051513671875,1.0396728515625,1.04095458984375,0.008639060128802068,0.017745971417283558,0.01990497345876054,0.022258291375259805,0.9923636700734664,0.9849590952281629,0.9880356439314932,0.3363800048828125,0.6674957275390625,0.8592478434244791,1.0817718505859375,0.2875518798828125,0.7605743408203125,0.9284210205078124,1.0123443603515625,0.2175969661862291,0.36934150296218493,0.45578819982471025,0.5938879679387816,1.9843501927874803,2.55439631057685,3.2159219777727377,0.7434844970703125,0.39966583251953125,0.09211222330729167,0.17560958862304688,0.7373809814453125,0.6076812744140625,0.0,0.2338409423828125,0.07260362093121532,0.44637709190014563,0.5686263523472375,0.5870825818326293,0.5375577219086711,0.12389259449290235,0.236198050282196,-2.568817138671875,-3.032684326171875,-3.725433349609375,-4.34417724609375,-2.437591552734375,-3.040313720703125,-3.398895263671875,-4.390716552734375,0.30158408883253046,0.584951206438389,1.1011278995079214,1.48326476984715,1.1805761805761805,1.4502524502524503,1.691119691119691,1624412948.357553,BUMP
-0.18046875,-0.17392578125,-0.1699462890625,-0.1679443359375,-0.176025390625,-0.17388916015625,-0.1705322265625,-0.16876220703125,0.008695177267416232,0.011484708197294965,0.01316717184683065,0.01317350778833568,0.9637445887445887,0.9416937229437229,0.9306006493506492,-0.00478515625,-0.01849365234375,-0.018367513020833334,-0.022637939453125,-0.0172119140625,-0.02203369140625,-0.0172119140625,-0.02203369140625,0.021510216170909074,0.023629561902165003,0.020270625584822746,0.019679138095663205,3.8647959183673466,3.8384353741496597,4.7308673469387745,1.0447265625,1.04908447265625,1.0451741536458334,1.0393798828125,1.04150390625,1.0462646484375,1.0423583984375,1.0411376953125,0.007549671357941022,0.009209062367631854,0.015134255266885424,0.017914640807421778,1.004171340437465,1.0004284289898424,0.9948822209758834,0.3302764892578125,0.3333282470703125,0.5550893147786459,0.7270050048828125,0.3333282470703125,0.3104400634765625,0.5316925048828125,0.7682037353515625,0.25920187216291596,0.23932475496457095,0.3723005559721352,0.4744133956734881,1.0092400092400093,1.6806806806806809,2.201201201201201,0.5939483642578125,0.6687164306640625,0.4644266764322917,0.21757125854492188,0.6153106689453125,0.7144927978515625,0.6153106689453125,0.5008697509765625,0.15368259658220423,0.14154531743019788,0.3861291486296902,0.5437154036158314,1.1258831085420682,0.7819310640119889,0.36631342324983945,-2.281951904296875,-2.425384521484375,-2.782440185546875,-3.36456298828125,-2.300262451171875,-2.338409423828125,-2.437591552734375,-3.040313720703125,0.12260320694946696,0.2712289994983513,0.5986373843111303,1.141841551157556,1.062855232363758,1.219324640588432,1.4744232698094284,1624412948.608804,BUMP
-0.1366943359375,-0.15858154296875,-0.16151529947916668,-0.16163330078125,-0.1373291015625,-0.1580810546875,-0.1661376953125,-0.1666259765625,0.004216217411117755,0.022929045556097656,0.02004739285390962,0.01848762439146874,1.1601178781925343,1.1815800440554862,1.182443293445258,-0.0102783203125,-0.00753173828125,-0.015755208333333333,-0.01634521484375,-0.0078125,-0.011962890625,-0.0162353515625,-0.01617431640625,0.0050540057847262,0.015863792104980054,0.019893464751333648,0.018078398976932888,0.7327790973871734,1.5328582739509105,1.5902612826603326,1.0383544921875,1.04154052734375,1.0455078125,1.04346923828125,1.0374755859375,1.0411376953125,1.0423583984375,1.04193115234375,0.007008749670603911,0.007950526699276829,0.00992456915214114,0.013884707920943512,1.0030683501446003,1.006889092661823,1.0049258188145118,0.6018829345703125,0.4660797119140625,0.4228464762369792,0.5667877197265625,0.6079864501953125,0.5316925048828125,0.5011749267578125,0.5698394775390625,0.08108722079825698,0.23520818276283664,0.2374930835296783,0.3255919537734976,0.7743693750792242,0.7025394008535092,0.9416909620991254,-1.3164520263671875,-0.3612518310546875,0.006993611653645833,0.019207000732421875,-1.4904022216796875,-0.1247406005859375,0.6153106689453125,0.5008697509765625,0.4557859294600138,1.0139462461679252,0.9789575241825894,0.8708723625368077,0.27441321356128656,-0.005312469815512411,-0.014589973920602723,-1.476287841796875,-1.879119873046875,-2.1090189615885415,-2.455902099609375,-1.552581787109375,-1.918792724609375,-2.254486083984375,-2.338409423828125,0.2703864310710045,0.45425084439305713,0.523055818364316,0.7790594384584281,1.2728682170542636,1.4285960378983633,1.6635658914728682,1624412948.8606222,BUMP
-0.1513427734375,-0.1440185546875,-0.15616861979166666,-0.15897216796875,-0.1541748046875,-0.14251708984375,-0.1541748046875,-0.15655517578125,0.005809007969794813,0.008910932146713253,0.01932321594500062,0.018145582581315687,0.9516050975963866,1.031886863472603,1.0504113566704307,-0.0013916015625,-0.0058349609375,-0.005485026041666666,-0.012164306640625,-0.0048828125,-0.00775146484375,-0.0078125,-0.01617431640625,0.015117529734599143,0.012115476978215425,0.015884937216605607,0.0198149212988249,4.19298245614035,3.941520467836257,8.741228070175438,1.04375,1.04105224609375,1.0422770182291667,1.045068359375,1.0462646484375,1.0413818359375,1.04150390625,1.043212890625,0.006022707250440762,0.007069346746591103,0.007437501040048109,0.009138950292296612,0.9974153255988023,0.99858875998004,1.0012630988023954,0.3546905517578125,0.4782867431640625,0.4289499918619792,0.4058074951171875,0.3485870361328125,0.5164337158203125,0.5011749267578125,0.4935455322265625,0.1806991130747981,0.18678777248934783,0.22477369701552943,0.22657503512662772,1.3484620348462035,1.209364020936402,1.1441170144117014,-0.5138397216796875,-0.9151458740234375,-0.4121144612630208,-0.1232147216796875,-0.6053924560546875,-1.0250091552734375,-0.5596160888671875,0.3253936767578125,0.6531046923532927,0.6915127650613212,0.9125498639015479,0.9360915770463296,1.7809948032665182,0.8020292006928977,0.23979213066072755,-0.463104248046875,-0.969696044921875,-1.4071146647135417,-1.697540283203125,-0.408172607421875,-0.865936279296875,-1.552581787109375,-1.918792724609375,0.16079028164452502,0.5532778841146297,0.7692582301797182,0.8482912405588261,2.0939044481054365,3.0384404173531028,3.6655683690280068,1624412949.112751,BUMP
-0.14560546875,-0.14847412109375,-0.14454752604166668,-0.15352783203125,-0.1483154296875,-0.148681640625,-0.1427001953125,-0.148681640625,0.007295026459257003,0.007190977582116501,0.008440096734222276,0.017727538988530217,1.0197015425888665,0.9927341828750281,1.0544097920858484,-0.017431640625,-0.00941162109375,-0.009700520833333334,-0.0084716796875,-0.0140380859375,-0.010009765625,-0.0078125,-0.01092529296875,0.0129146467700936,0.016185938851917752,0.013540223851734938,0.016053216128901003,0.5399159663865546,0.5564892623716153,0.48599439775910364,1.0433349609375,1.04354248046875,1.0418131510416666,1.04254150390625,1.0413818359375,1.0438232421875,1.0413818359375,1.04144287109375,0.01412179947774015,0.01085781635103749,0.010047394444583843,0.009568358241258512,1.0001989001989002,0.9985413985413985,0.9992394992394993,-0.13922119140625,0.10773468017578125,0.2724507649739583,0.2869071960449219,-0.1549530029296875,0.1197052001953125,0.3485870361328125,0.3409576416015625,0.16360513480375777,0.30115877425193494,0.3419340499482723,0.3242106394254195,-0.7738382288469969,-1.956963320181207,-2.0608011836913636,0.7221221923828125,0.1041412353515625,-0.3693898518880208,-0.1285552978515625,0.7068634033203125,0.4322052001953125,-0.5596160888671875,0.3253936767578125,0.13441598843716576,0.7773076365339365,0.9594347781576902,0.9328958958698198,0.14421553090332806,-0.5115337207254798,-0.1780243000528262,-0.225067138671875,-0.344085693359375,-0.7214864095052084,-1.111602783203125,-0.225067138671875,-0.293731689453125,-0.408172607421875,-0.865936279296875,0.03479539261166803,0.1664257593314939,0.5724484524478372,0.840299449424224,1.528813559322034,3.2056497175141243,4.938983050847457,1624412949.364658,BUMP
-0.127294921875,-0.1364501953125,-0.14141438802083334,-0.140234375,-0.1304931640625,-0.13653564453125,-0.142333984375,-0.1390380859375,0.009725074501046422,0.012558514014861575,0.012871627423509271,0.01152738083433044,1.071921749136939,1.1109193197800793,1.1016494054468737,-0.0159423828125,-0.01668701171875,-0.011588541666666667,-0.011260986328125,-0.0123291015625,-0.01318359375,-0.0123291015625,-0.01007080078125,0.01967788582641779,0.016660075573205983,0.017697667668540418,0.01554391204932042,1.0467075038284839,0.726901480347116,0.7063552833078102,1.03984375,1.04158935546875,1.0423095703125,1.04132080078125,1.0404052734375,1.0408935546875,1.0413818359375,1.0408935546875,0.018272356005398897,0.01642252251303981,0.013889849417638978,0.012645535820106519,1.0016787190082646,1.0023713373403458,1.0014204545454546,0.02862548828125,-0.0552978515625,0.08136494954427083,0.21149444580078125,0.0,-0.07747650146484375,0.0891876220703125,0.1883697509765625,0.24692843626948877,0.22563969809600198,0.2866699864640067,0.33775672100873305,-1.931769722814499,2.8423951670220324,7.3883262260127935,0.8899688720703125,0.8060455322265625,0.3660837809244792,-0.0545501708984375,0.9204864501953124,0.8289337158203125,0.7068634033203125,0.4322052001953125,0.09504645692381243,0.14350564599061863,0.7369150868517205,0.9949959053052342,0.9057008144020574,0.4113444777825404,-0.06129447063866267,-0.1068115234375,-0.1659393310546875,-0.2649943033854167,-0.5678176879882812,-0.057220458984375,-0.209808349609375,-0.255584716796875,-0.301361083984375,0.13289170147584842,0.11371701485568553,0.1919964920403072,0.5665952718040188,1.5535714285714286,2.480952380952381,5.316071428571429,1624412949.616061,BUMP
-0.1447509765625,-0.13602294921875,-0.13921712239583334,-0.14224853515625,-0.142822265625,-0.13372802734375,-0.137939453125,-0.142578125,0.013070852210376077,0.014453047674848578,0.013319347318035062,0.013002241849164773,0.9397031539888683,0.9617698318997021,0.9827120931017035,-0.0130859375,-0.01451416015625,-0.015486653645833333,-0.011962890625,-0.013671875,-0.01300048828125,-0.013671875,-0.01300048828125,0.025839768090285115,0.02301078492217185,0.020260429480384364,0.02005615605861005,1.109141791044776,1.183457711442786,0.914179104477612,1.057763671875,1.0488037109375,1.0469807942708333,1.046173095703125,1.0491943359375,1.0478515625,1.0465087890625,1.04638671875,0.021410784832726713,0.02182730516055989,0.019767193972805696,0.017437942818860734,0.9915293357337394,0.9898059671636737,0.9890423764021603,0.20257568359375,0.1156005859375,0.030659993489583332,0.11166763305664062,0.1959991455078125,0.09799957275390625,0.0,0.1197052001953125,0.22990344310676217,0.2539277269376738,0.2575620615321298,0.2785738986816495,0.5706538113889725,0.15135080847644872,0.5512390780355528,0.4474639892578125,0.6687164306640625,0.6865183512369791,0.3864288330078125,0.4474639892578125,0.6916046142578125,0.7068634033203125,0.5847930908203125,0.13196867865258577,0.24935401217499162,0.2193353254566917,0.6425562857769014,1.4944586530264279,1.5342426825802784,0.8635976129582268,-0.1708984375,-0.13885498046875,-0.16759236653645834,-0.2414703369140625,-0.209808349609375,-0.171661376953125,-0.209808349609375,-0.247955322265625,0.09639642622123466,0.12042848829574977,0.1082770906539118,0.1778487797527171,0.8125,0.980654761904762,1.4129464285714286,1624412949.868842,BUMP
-0.1374267578125,-0.1410888671875,-0.13649088541666668,-0.13876953125,-0.142822265625,-0.142822265625,-0.1343994140625,-0.13885498046875,0.012479956770112896,0.013293204817467938,0.013842498339999934,0.013137431388262042,1.026647717178895,0.9931900278320603,1.0097708296322616,-0.0192138671875,-0.01614990234375,-0.016080729166666665,-0.01641845703125,-0.021240234375,-0.0174560546875,-0.013671875,-0.01385498046875,0.011139770475039971,0.020131615214927005,0.019981756366678264,0.01847950611498007,0.8405336721728082,0.8369335027530707,0.8545108005082592,1.04501953125,1.0513916015625,1.0475423177083334,1.046490478515625,1.0430908203125,1.0478515625,1.0465087890625,1.0447998046875,0.009612880160549132,0.01777689135182649,0.01875114790616842,0.017801111286478176,1.0060975609756098,1.0024141046008164,1.0014075787309598,-0.1244354248046875,0.03907012939453125,0.035588582356770836,-0.008113861083984375,-0.1091766357421875,-0.0862884521484375,-0.0786590576171875,-0.0862884521484375,0.04315837287515549,0.232579417414313,0.23750982468571297,0.23394349390033214,-0.313979153893317,-0.2860004087471899,0.0652053954629062,0.4230499267578125,0.4352569580078125,0.5868275960286459,0.6206512451171875,0.4474639892578125,0.4474639892578125,0.5390167236328125,0.5924224853515625,0.11361395549918386,0.1237373958295489,0.24324039212774806,0.22874319327954867,1.0288548241659152,1.387135557559363,1.467087466185753,-0.124359130859375,-0.1476287841796875,-0.13402303059895834,-0.1567840576171875,-0.102996826171875,-0.141143798828125,-0.133514404296875,-0.179290771484375,0.03425589648535713,0.07598911423202832,0.1005312463328022,0.09714304661911535,1.187116564417178,1.0777096114519429,1.2607361963190185,1624412950.120043,BUMP
-0.13701171875,-0.13721923828125,-0.13972981770833334,-0.13662109375,-0.1221923828125,-0.1341552734375,-0.1395263671875,-0.13372802734375,0.029447205452055154,0.022616071261728175,0.020261939611784387,0.018988059671376924,1.0015146115466855,1.0198384414350201,0.9971489665003563,-0.00380859375,-0.01151123046875,-0.0120361328125,-0.0130126953125,-0.02587890625,-0.0218505859375,-0.021240234375,-0.0174560546875,0.033403166497485176,0.026062686384344183,0.025999192249759877,0.024629947601011715,3.0224358974358974,3.16025641025641,3.4166666666666665,1.052294921875,1.0486572265625,1.0516927083333334,1.04873046875,1.044921875,1.04412841796875,1.0465087890625,1.04571533203125,0.023537815307839053,0.018342598900103965,0.019888090854075457,0.020160517277817543,0.9965430838476174,0.9994277141045274,0.996612686186256,-0.1305389404296875,-0.1274871826171875,-0.017466227213541668,-0.00594329833984375,-0.2617645263671875,-0.1625823974609375,-0.0939178466796875,-0.0939178466796875,0.26580092270406097,0.19043555617459343,0.25691416143074186,0.25523599195030194,0.9766218585622443,0.13380089616208846,0.045528930450029224,0.0659942626953125,0.2445220947265625,0.3121693929036458,0.4566192626953125,0.0507354736328125,0.2948760986328125,0.3559112548828125,0.4474639892578125,0.24452179716809241,0.2611928538398789,0.24584282759743434,0.33194091914489426,3.7052023121387285,4.730250481695568,6.91907514450867,-0.154876708984375,-0.139617919921875,-0.15004475911458334,-0.1392364501953125,-0.164031982421875,-0.141143798828125,-0.148773193359375,-0.141143798828125,0.048828125,0.04485149675506307,0.06823464018582838,0.09087070097857049,0.9014778325123153,0.9688013136288999,0.8990147783251231,1624412950.372602,BUMP
-0.16240234375,-0.14970703125,-0.14561360677083332,-0.14539794921875,-0.1627197265625,-0.1483154296875,-0.1474609375,-0.1451416015625,0.014163018299123553,0.02636352513627652,0.02342617467709926,0.021317611590353176,0.9218280216476248,0.896622569653237,0.8952946482260973,2.44140625e-05,-0.00189208984375,-0.007666015625,-0.00902099609375,-0.0120849609375,-0.0130615234375,-0.0140380859375,-0.01385498046875,0.019412081519514804,0.027385638712876016,0.024658130607876038,0.025068882578972603,-77.5,-313.99999999999994,-369.5,1.054443359375,1.053369140625,1.0505859375,1.05238037109375,1.0572509765625,1.0552978515625,1.05029296875,1.04974365234375,0.02339970402163606,0.02349343301448105,0.02035327633251343,0.020855629831203953,0.9989812456587174,0.9963417457744848,0.9980435285945821,0.6995391845703125,0.2845001220703125,0.14818827311197916,0.16178512573242188,0.6842803955078125,0.4553985595703125,-0.0939178466796875,-0.03932952880859375,0.11045508466097326,0.4622582087099973,0.4245442533617348,0.3859363791980316,0.40669647726033376,0.21183698694877667,0.23127385756352928,0.0995635986328125,0.0827789306640625,0.19620259602864584,0.2590179443359375,0.0965118408203125,0.0736236572265625,0.2490997314453125,0.3101348876953125,0.19262370407787477,0.2207467449597352,0.2500372964800979,0.25115776756559566,0.8314176245210728,1.9706257982120052,2.6015325670498086,-0.063323974609375,-0.109100341796875,-0.11418660481770833,-0.12836456298828125,-0.057220458984375,-0.072479248046875,-0.102996826171875,-0.118255615234375,0.00747524945917718,0.05758045124546267,0.05150955770333725,0.07011445743790008,1.7228915662650603,1.8032128514056225,2.0271084337349397,1624412950.624759,BUMP
-0.138525390625,-0.1504638671875,-0.14597981770833332,-0.143841552734375,-0.1268310546875,-0.1556396484375,-0.1480712890625,-0.1451416015625,0.023028738353324398,0.022538503973798994,0.025844060762446896,0.02352850333239087,1.0861825872400424,1.0538127129596992,1.0383768064857244,-0.0260498046875,-0.0130126953125,-0.009944661458333334,-0.012261962890625,-0.02978515625,-0.015869140625,-0.0177001953125,-0.01898193359375,0.013787699948172642,0.021293919560435012,0.02632559301600597,0.02380989111854006,0.4995313964386129,0.3817557013433302,0.47071227741330834,1.0201416015625,1.03729248046875,1.0422932942708334,1.042974853515625,1.0224609375,1.0283203125,1.0433349609375,1.043212890625,0.008287126867027261,0.02454106675069442,0.025223041688693187,0.022397473278919625,1.0168122532009094,1.0217143312991106,1.0223824338877587,-0.5089569091796875,0.09529113769531249,0.02001444498697916,-0.01609802246093751,-0.7805633544921875,0.3867340087890625,-0.1091766357421875,-0.1091766357421875,0.49400786173120764,0.7023088699013444,0.6030823909398467,0.5264591816077766,-0.1872283016039574,-0.03932443911457551,0.03162944086343879,-0.1659393310546875,-0.0331878662109375,-0.00012715657552083334,0.1056671142578125,-0.3154754638671875,0.0278472900390625,0.0507354736328125,0.1728057861328125,0.2838955012099056,0.276537926708279,0.27036729476530297,0.3027014560644594,0.2,0.0007662835249042146,-0.6367816091954023,-0.054931640625,-0.0591278076171875,-0.09104410807291667,-0.09937286376953125,-0.072479248046875,-0.064849853515625,-0.072479248046875,-0.072479248046875,0.028094410155520583,0.0209808349609375,0.055906106020165894,0.05334407786361169,1.0763888888888888,1.6574074074074074,1.8090277777777777,1624412950.876521,BUMP
-0.1404052734375,-0.13946533203125,-0.14711100260416668,-0.144586181640625,-0.1265869140625,-0.126708984375,-0.1485595703125,-0.143798828125,0.02501594511800613,0.02406124768156605,0.02386919938879411,0.025752915359706596,0.9933055120848547,1.0477598098881356,1.0297774300121718,-0.0157958984375,-0.0209228515625,-0.0139404296875,-0.011407470703125,-0.009521484375,-0.02374267578125,-0.0140380859375,-0.015869140625,0.014341386388374362,0.01497243016502972,0.01930199929589802,0.024033641198919337,1.3245749613601236,0.8825347758887171,0.7221792890262752,1.0719482421875,1.046044921875,1.0488444010416667,1.04970703125,1.0799560546875,1.03411865234375,1.0533447265625,1.04913330078125,0.021722562167192525,0.03067988090949588,0.028734873325916916,0.027568265973539972,0.9758352882228347,0.9784468687604863,0.9792515999726696,0.11360168457031247,-0.1976776123046875,0.10139465332031249,0.043411254882812486,0.1349639892578125,-0.1930999755859375,0.2570343017578125,0.0128936767578125,0.6445352958783408,0.6531688588761749,0.6836482435032154,0.6150446705276309,-1.7400940228341173,0.8925453324378778,0.38213566151779715,0.10772705078125,-0.02910614013671875,0.013783772786458334,0.026836395263671875,0.2185821533203125,0.04825592041015625,0.0965118408203125,0.0736236572265625,0.21091427719357364,0.2850685287829031,0.2649964096366368,0.2610098906620352,-0.2701841359773371,0.1279508970727101,0.24911473087818697,0.214385986328125,0.0797271728515625,0.03204345703125,-0.01468658447265625,0.247955322265625,0.0171661376953125,-0.057220458984375,-0.064849853515625,0.09954532733337458,0.15323929027786348,0.1422003985587446,0.14937487003282604,0.3718861209964413,0.1494661921708185,-0.06850533807829182,1624412951.127968,BUMP
-0.1480712890625,-0.14423828125,-0.142333984375,-0.14735107421875,-0.15283203125,-0.13970947265625,-0.1268310546875,-0.15069580078125,0.02979866096893251,0.02777716331332133,0.026427400383847388,0.025484641681260464,0.974113767518549,0.9612530915086562,0.9951360263808738,0.0103515625,-0.00272216796875,-0.010498046875,-0.007867431640625,0.0079345703125,-0.0020751953125,-0.009521484375,-0.01080322265625,0.02136438326941126,0.02240487773635457,0.022780426680309097,0.022453919848586645,-0.2629716981132076,-1.0141509433962264,-0.7600235849056605,1.038134765625,1.05504150390625,1.043408203125,1.0461669921875,1.034423828125,1.05078125,1.034423828125,1.04119873046875,0.011531762171176746,0.024254142373020482,0.02618654513685665,0.025961907634120887,1.0162856874088706,1.0050797234372797,1.0077371713465972,1.0626983642578125,0.5881500244140625,0.22244771321614584,0.3417205810546875,1.2946319580078125,0.7834625244140625,0.1349639892578125,0.5469512939453125,0.5093236593104579,0.7500761932174939,0.8508234131726985,0.7672375725557806,0.5534496374470529,0.20932347380764355,0.32155933663579583,-0.3185272216796875,-0.10540008544921875,-0.125579833984375,-0.06929397583007812,-0.4680633544921875,-0.10433197021484375,-0.2086639404296875,-0.02040863037109375,0.2838955012099056,0.32857863619452854,0.31568329564073605,0.3058140344843812,0.33089820359281436,0.39425149700598805,0.21754491017964073,0.0732421875,0.1438140869140625,0.07756551106770833,0.0423431396484375,0.080108642578125,0.186920166015625,0.034332275390625,-0.0286102294921875,0.1488103575626359,0.14493891935164507,0.15180812382483883,0.1449830887663235,1.9635416666666667,1.0590277777777777,0.578125,1624412951.3804634,BUMP
-0.160107421875,-0.15408935546875,-0.14952799479166667,-0.14677734375,-0.15966796875,-0.15960693359375,-0.1595458984375,-0.15618896484375,0.006864043087652879,0.02244448183396764,0.02420842213704667,0.024388823624144376,0.9624123208295212,0.933922943986988,0.9167429094236049,-0.02197265625,-0.005810546875,-0.009138997395833333,-0.01336669921875,-0.0162353515625,-0.00787353515625,-0.009521484375,-0.01580810546875,0.01573315382520999,0.02476284071617133,0.02234982044243614,0.021812414147281838,0.2644444444444444,0.41592592592592587,0.6083333333333333,1.0500244140625,1.04407958984375,1.053369140625,1.045062255859375,1.060302734375,1.046142578125,1.056640625,1.04119873046875,0.027448442853387576,0.021875561979431978,0.02547367695775398,0.026662019517783606,0.9943383942895674,1.0031853798042272,0.9952742449254808,-0.4753875732421875,0.2936553955078125,0.23363749186197916,0.0479888916015625,-0.5669403076171875,-0.0252532958984375,0.1044464111328125,-0.1320648193359375,0.2147101940837141,0.8626601975704248,0.8011250158632571,0.8035907655519966,-0.6177178623013962,-0.491467394211737,-0.10094687851067244,-0.0835418701171875,-0.2010345458984375,-0.098114013671875,-0.11507034301757812,-0.1476287841796875,-0.2162933349609375,-0.1476287841796875,-0.1781463623046875,0.1767386747506135,0.2640476022276121,0.287218221642931,0.28789311445264126,2.406392694063927,1.1744292237442922,1.3773972602739726,-0.054931640625,0.0091552734375,0.07756551106770833,0.04444122314453125,-0.118255615234375,0.0,0.080108642578125,0.0,0.13629951231439627,0.15642305565863734,0.1702208179128985,0.15880908179304914,-0.16666666666666666,-1.412037037037037,-0.8090277777777778,1624412951.631881,BUMP
